{"female": {"eer": 2.2733333333333334, "minDCF": 0.15849251700680247}, "male": {"eer": 1.850340136054418, "minDCF": 0.10999897959183581}, "all": {"eer": 1.5863945578231342, "minDCF": 0.10386149659863876}}