{"female": [0.5034489631652832, 0.5882357954978943], "male": [0.44894301891326904, 0.5438298583030701], "all": [0.4483153522014618, 0.5305806398391724]}