{"female": {"eer": 12.789115646258509, "minDCF": 0.8882000000000004}, "male": {"eer": 14.388333333333334, "minDCF": 0.9077683673469394}, "all": {"eer": 14.129333333333333, "minDCF": 0.9069882993197279}}