{"female": [0.68125319480896, 0.8072077035903931], "male": [0.6586098074913025, 0.8024857044219971], "all": [0.6625779271125793, 0.796798050403595]}