{"female": {"eer": 6.3265306122448965, "minDCF": 0.41612380952380956}, "male": {"eer": 4.966666666666667, "minDCF": 0.2675210884353738}, "all": {"eer": 4.230666666666667, "minDCF": 0.24914857142857133}}