{"female": [0.5691320896148682, 0.6765150427818298], "male": [0.48684990406036377, 0.6067309379577637], "all": [0.48523640632629395, 0.6087753772735596]}