{"eval": {"female": {"eer": {"0": [7.593333333333334, 1.877551020408164, 1.0476190476190528, 0.1733333333333333, 0.3401360544217691], "1": [6.299319727891161, 3.62, 1.28, 0.3537414965986363, 1.22], "2": [7.510204081632654, 3.0068027210884307, 1.606666666666667, 0.9133333333333332, 0.7891156462584981], "3": [5.659863945578236, 1.7551020408163254, 0.6133333333333334, 0.0952380952380926, 0.0], "4": [8.86, 3.913333333333333, 2.1266666666666665, 1.2666666666666666, 0.3401360544217691], "5": [8.326530612244898, 4.046666666666667, 1.387755102040822, 0.1904761904761853, 0.1533333333333333], "6": [8.046666666666667, 2.013605442176869, 0.1632653061224509, 0.1360544217687054, 0.2133333333333333], "7": [5.836734693877554, 0.8843537414966018, 0.3733333333333333, 0.0544217687074799, 0.0272108843537455], "8": [7.414965986394561, 2.3129251700680253, 1.156462585034013, 0.4897959183673417, 0.1733333333333333], "9": [5.62, 3.826666666666666, 0.8533333333333334, 0.5733333333333334, 0.1]}, "minDCF": {"0": [0.3994843537414965, 0.1288136054421779, 0.0532108843537422, 0.0145387755102032, 0.0199809523809515], "1": [0.3708244897959182, 0.2248353741496593, 0.0934870748299329, 0.017541496598639, 0.0408489795918361], "2": [0.475586394557823, 0.1683306122448975, 0.0860557823129243, 0.0417074829931965, 0.0265632653061218], "3": [0.3518748299319732, 0.0955278911564636, 0.0477918367346936, 0.0062068027210881, 0.0], "4": [0.5600190476190472, 0.3259986394557819, 0.1611564625850333, 0.1052761904761915, 0.0266802721088442], "5": [0.4829904761904766, 0.2216680272108842, 0.0758707482993197, 0.0087074829931972, 0.0058503401360544], "6": [0.4142122448979584, 0.1244462585034016, 0.0167156462585025, 0.0084353741496598, 0.0147265306122443], "7": [0.368427210884354, 0.0586666666666659, 0.0201591836734684, 0.0038938775510201, 0.0017687074829931], "8": [0.4526244897959178, 0.132168707482994, 0.0667034013605439, 0.0263659863945586, 0.0047619047619047], "9": [0.4180625850340129, 0.2501414965986389, 0.0695414965986404, 0.033534693877552, 0.0087401360544212]}}, "male": {"eer": {"0": [8.365, 2.85, 1.125850340136059, 0.5683333333333334, 0.455], "1": [7.465986394557822, 3.266666666666666, 1.535, 0.92, 0.7414965986394573], "2": [8.272108843537417, 4.000000000000004, 1.789115646258499, 0.5016666666666667, 0.9319727891156426], "3": [7.093333333333334, 2.678333333333333, 1.1733333333333331, 0.5816666666666667, 0.2891156462585087], "4": [6.911564625850342, 2.945578231292512, 1.3333333333333308, 0.5816326530612259, 0.7040816326530641], "5": [6.826666666666667, 3.3216666666666663, 1.7142857142857126, 0.545, 0.3707482993197231], "6": [6.3265306122448965, 2.848333333333333, 1.2040816326530646, 0.5646258503401391, 0.2483333333333333], "7": [8.041666666666666, 3.065, 1.2266666666666668, 0.5166666666666666, 0.3027210884353759], "8": [7.983333333333334, 2.2891156462584994, 0.7933333333333334, 0.4583333333333333, 0.3979591836734686], "9": [5.711666666666667, 3.04, 1.387755102040822, 1.0633333333333332, 0.4693877551020353]}, "minDCF": {"0": [0.5026105442176877, 0.183457142857142, 0.0750013605442168, 0.0433023809523816, 0.0252612244897949], "1": [0.4720476190476191, 0.2016275510204084, 0.1107993197278901, 0.091569727891157, 0.0451261904761911], "2": [0.4012551020408167, 0.1962142857142861, 0.108742517006803, 0.0308792517006811, 0.032205782312926], "3": [0.3868547619047611, 0.1611673469387758, 0.0819704081632659, 0.0551034013605434, 0.0249761904761894], "4": [0.3566431972789116, 0.1833380952380948, 0.0968119047619048, 0.0371119047619055, 0.0402200680272117], "5": [0.3939741496598631, 0.1932901360544217, 0.1272887755102048, 0.0287646258503391, 0.0204561224489792], "6": [0.4348193877551028, 0.2081003401360536, 0.0950486394557832, 0.054989795918367, 0.0318925170068032], "7": [0.4744761904761905, 0.1796088435374139, 0.0787908163265315, 0.031646258503402, 0.0250428571428576], "8": [0.4173387755102042, 0.1647690476190472, 0.0576840136054421, 0.0312639455782321, 0.0210295918367341], "9": [0.4133908163265314, 0.2406976190476183, 0.1109812925170063, 0.0881996598639464, 0.0283435374149649]}}, "all": {"eer": {"0": [8.785333333333334, 2.9088435374149624, 1.2013333333333334, 0.5906666666666667, 0.4544217687074803], "1": [7.899319727891152, 3.4666666666666623, 1.5863945578231342, 0.8108843537414923, 0.8546666666666666], "2": [7.892, 3.752380952380952, 1.7333333333333332, 0.5986394557823127, 0.9306122448979548], "3": [6.688435374149659, 2.4761904761904763, 1.0285714285714231, 0.4746666666666666, 0.2367346938775494], "4": [7.204000000000001, 3.221768707482997, 1.556462585034013, 0.7973333333333334, 0.616], "5": [7.192, 3.4721088435374137, 1.7795918367346952, 0.495238095238093, 0.3319727891156421], "6": [6.778231292517011, 2.7129251700680257, 1.1210884353741513, 0.512, 0.2426666666666666], "7": [7.672, 2.7493333333333334, 1.1210884353741513, 0.4517006802721046, 0.2693877551020462], "8": [7.788, 2.432653061224488, 0.8925170068027177, 0.4559999999999999, 0.3782312925170061], "9": [5.774149659863948, 3.306122448979587, 1.413333333333333, 1.0573333333333337, 0.4190476190476189]}, "minDCF": {"0": [0.4994481632653057, 0.1756873469387752, 0.0759466666666668, 0.0408495238095233, 0.028404081632652], "1": [0.5083080272108838, 0.2259951020408163, 0.1190190476190478, 0.0776282993197279, 0.0479722448979584], "2": [0.4205455782312924, 0.1886040816326532, 0.1042089795918361, 0.0393175510204085, 0.0336361904761906], "3": [0.3750639455782318, 0.1462933333333331, 0.0728282993197269, 0.0452696598639448, 0.0202258503401352], "4": [0.426062312925171, 0.217577142857142, 0.1213458503401352, 0.0545363265306114, 0.0365616326530604], "5": [0.4399668027210876, 0.2070487074829927, 0.1169733333333341, 0.0246340136054413, 0.0186204081632644], "6": [0.4314751020408156, 0.1898157823129244, 0.0816312925170069, 0.0451703401360541, 0.0276617687074829], "7": [0.4524307482993202, 0.1556887074829942, 0.0678443537414971, 0.0277058503401351, 0.0208892517006803], "8": [0.4192119727891159, 0.1616712925170072, 0.0620541496598642, 0.0283542857142858, 0.0180650340136053], "9": [0.4228963265306121, 0.2645635374149659, 0.1059284353741502, 0.0776081632653051, 0.0250552380952378]}}}}