{"eval": {"female": {"eer": {"9_6": 12.2, "9_3": 10.76190476190476, "9_0": 12.64, "9_1": 11.15646258503401, "6_9": 12.5578231292517, "6_3": 8.459999999999999, "6_0": 9.433333333333334, "6_1": 12.312925170068024, "3_9": 10.673333333333334, "3_6": 8.546666666666667, "3_0": 11.047619047619053, "3_1": 10.20408163265306, "0_9": 12.721088435374153, "0_6": 10.802721088435376, "0_3": 11.170068027210888, "0_1": 14.626666666666663, "1_9": 11.106666666666666, "1_6": 12.386666666666668, "1_3": 10.911564625850346, "1_0": 14.068027210884347}, "minDCF": {"9_6": 0.8624190476190472, "9_3": 0.8890680272108853, "9_0": 0.8755809523809523, "9_1": 0.8877306122448978, "6_9": 0.8683102040816324, "6_3": 0.7413523809523807, "6_0": 0.7737782312925162, "6_1": 0.8406122448979594, "3_9": 0.8873727891156465, "3_6": 0.7738394557823137, "3_0": 0.7677278911564628, "3_1": 0.9019129251700672, "0_9": 0.9152761904761908, "0_6": 0.8144108843537408, "0_3": 0.8285360544217685, "0_1": 0.9273183673469384, "1_9": 0.8583687074829924, "1_6": 0.8355088435374158, "1_3": 0.926526530612244, "1_0": 0.8639999999999994}}, "male": {"eer": {"9_6": 11.027210884353744, "9_3": 10.241496598639454, "9_0": 12.076666666666666, "9_1": 10.295918367346935, "6_9": 11.308333333333334, "6_3": 10.914965986394554, "6_0": 10.676870748299317, "6_1": 10.671666666666669, "3_9": 11.223333333333334, "3_6": 10.017006802721085, "3_0": 13.355, "3_1": 11.397959183673468, "0_9": 12.958333333333332, "0_6": 10.646258503401365, "0_3": 12.873333333333331, "0_1": 13.629251700680268, "1_9": 10.93877551020408, "1_6": 10.591666666666669, "1_3": 11.006802721088436, "1_0": 13.075}, "minDCF": {"9_6": 0.8567887755102039, "9_3": 0.8811581632653057, "9_0": 0.8971312925170061, "9_1": 0.9018527210884356, "6_9": 0.8630197278911574, "6_3": 0.784225510204082, "6_0": 0.844302380952382, "6_1": 0.8780163265306129, "3_9": 0.9138261904761908, "3_6": 0.7985272108843536, "3_0": 0.8970789115646263, "3_1": 0.8894010204081638, "0_9": 0.888324829931972, "0_6": 0.841511224489795, "0_3": 0.8613778911564635, "0_1": 0.9229530612244904, "1_9": 0.9179316326530604, "1_6": 0.8954931972789106, "1_3": 0.8974775510204076, "1_0": 0.9110129251700688}}, "all": {"eer": {"9_6": 11.744217687074832, "9_3": 10.443537414965986, "9_0": 12.470748299319723, "9_1": 10.802721088435376, "6_9": 11.990666666666666, "6_3": 10.374666666666666, "6_0": 10.521333333333336, "6_1": 11.178231292517005, "3_9": 11.206666666666669, "3_6": 9.701333333333332, "3_0": 12.888, "3_1": 11.284, "0_9": 13.023129251700682, "0_6": 10.692, "0_3": 12.533333333333331, "0_1": 13.938666666666666, "1_9": 11.417333333333334, "1_6": 11.36326530612245, "1_3": 11.069333333333336, "1_0": 14.062585034013608}, "minDCF": {"9_6": 0.8892963265306122, "9_3": 0.8979559183673466, "9_0": 0.9054168707482994, "9_1": 0.911863401360545, "6_9": 0.8912247619047611, "6_3": 0.7762062585034011, "6_0": 0.8334413605442167, "6_1": 0.890005170068027, "3_9": 0.9136764625850337, "3_6": 0.7957719727891163, "3_0": 0.8776021768707473, "3_1": 0.8973567346938771, "0_9": 0.8961779591836745, "0_6": 0.8410574149659859, "0_3": 0.859600544217688, "0_1": 0.926174149659863, "1_9": 0.9194353741496608, "1_6": 0.8963420408163273, "1_3": 0.9145888435374158, "1_0": 0.9308231292517014}}}}