{"eval": {"female": {"eer": {"9_6": 11.034013605442173, "9_3": 11.142857142857142, "9_0": 12.34013605442177, "9_1": 10.7, "6_9": 11.306666666666668, "6_3": 9.551020408163268, "6_0": 10.713333333333331, "6_1": 11.153333333333332, "3_9": 10.312925170068032, "3_6": 9.795918367346934, "3_0": 13.54, "3_1": 10.126666666666669, "0_9": 11.933333333333334, "0_6": 9.666666666666666, "0_3": 12.0, "0_1": 15.40136054421769, "1_9": 9.401360544217685, "1_6": 11.700680272108844, "1_3": 9.98639455782313, "1_0": 12.2}, "minDCF": {"9_6": 0.8394666666666665, "9_3": 0.8687496598639463, "9_0": 0.8447129251700691, "9_1": 0.841632653061224, "6_9": 0.8697591836734692, "6_3": 0.7633088435374141, "6_0": 0.7772380952380947, "6_1": 0.8551741496598644, "3_9": 0.8922326530612252, "3_6": 0.7648761904761894, "3_0": 0.8441183673469393, "3_1": 0.9044585034013604, "0_9": 0.8910013605442176, "0_6": 0.7851115646258496, "0_3": 0.782820408163265, "0_1": 0.8971088435374144, "1_9": 0.8780122448979596, "1_6": 0.8502897959183664, "1_3": 0.8943836734693877, "1_0": 0.847692517006803}}, "male": {"eer": {"9_6": 10.2687074829932, "9_3": 11.138333333333334, "9_0": 11.866666666666667, "9_1": 9.796666666666669, "6_9": 11.619047619047617, "6_3": 10.043333333333331, "6_0": 11.523809523809526, "6_1": 10.825, "3_9": 11.809523809523814, "3_6": 10.105, "3_0": 12.248299319727897, "3_1": 10.71428571428571, "0_9": 11.639455782312924, "0_6": 10.516666666666667, "0_3": 13.45578231292517, "0_1": 13.476190476190474, "1_9": 10.632653061224495, "1_6": 9.908163265306126, "1_3": 11.030612244897965, "1_0": 13.493197278911564}, "minDCF": {"9_6": 0.8333853741496606, "9_3": 0.9009006802721088, "9_0": 0.8788765306122454, "9_1": 0.8609217687074822, "6_9": 0.8921289115646249, "6_3": 0.7789598639455783, "6_0": 0.8539690476190487, "6_1": 0.8784030612244901, "3_9": 0.9083268707482984, "3_6": 0.8135397959183662, "3_0": 0.859873129251701, "3_1": 0.891346938775511, "0_9": 0.8923683673469377, "0_6": 0.8151071428571429, "0_3": 0.8560772108843541, "0_1": 0.941822108843538, "1_9": 0.9140945578231288, "1_6": 0.8744047619047609, "1_3": 0.8996612244897952, "1_0": 0.9084166666666662}}, "all": {"eer": {"9_6": 11.031292517006808, "9_3": 11.303401360544218, "9_0": 12.43537414965986, "9_1": 10.155102040816322, "6_9": 12.454666666666666, "6_3": 10.002721088435374, "6_0": 11.546666666666669, "6_1": 11.208, "3_9": 11.668027210884356, "3_6": 10.017333333333331, "3_0": 12.517333333333331, "3_1": 10.770666666666669, "0_9": 11.994666666666664, "0_6": 10.50068027210884, "0_3": 13.216, "0_1": 14.027210884353746, "1_9": 10.628571428571432, "1_6": 10.708, "1_3": 10.9578231292517, "1_0": 13.696}, "minDCF": {"9_6": 0.8638225850340129, "9_3": 0.9098870748299326, "9_0": 0.8888470748299322, "9_1": 0.8647589115646251, "6_9": 0.9122571428571424, "6_3": 0.7768791836734684, "6_0": 0.8418125170068037, "6_1": 0.8783880272108843, "3_9": 0.9134677551020411, "3_6": 0.8067189115646265, "3_0": 0.8619765986394551, "3_1": 0.9028810884353738, "0_9": 0.9014481632653052, "0_6": 0.8192073469387748, "0_3": 0.8436405442176881, "0_1": 0.9359540136054418, "1_9": 0.9096508843537406, "1_6": 0.8869140136054416, "1_3": 0.904922721088436, "1_0": 0.8978217687074841}}}}