{
    "eval": {
        "female": {
            "eer": {
                "0": [
                    4.926666666666667,
                    2.3866666666666667,
                    1.0340136054421745,
                    0.7891156462584981,
                    0.0733333333333333
                ],
                "1": [
                    6.979591836734689,
                    2.7074829931972744,
                    1.08,
                    0.5306122448979544,
                    0.2666666666666666
                ],
                "2": [
                    7.1066666666666665,
                    3.84,
                    1.76,
                    0.5,
                    0.3129251700680235
                ],
                "3": [
                    6.633333333333333,
                    2.530612244897956,
                    0.4,
                    0.2448979591836764,
                    0.0408163265306127
                ],
                "4": [
                    9.973333333333333,
                    4.625850340136051,
                    1.6326530612244872,
                    1.1156462585034,
                    0.4761904761904745
                ],
                "5": [
                    7.945578231292516,
                    3.197278911564627,
                    1.0,
                    0.0952380952380926,
                    0.0816326530612254
                ],
                "6": [
                    6.006666666666667,
                    1.5,
                    0.666666666666671,
                    0.26,
                    0.1266666666666666
                ],
                "7": [
                    6.933333333333333,
                    2.033333333333333,
                    0.36,
                    0.0408163265306127,
                    0.0272108843537455
                ],
                "8": [
                    6.973333333333333,
                    2.7210884353741527,
                    0.2733333333333333,
                    0.2466666666666666,
                    0.4933333333333333
                ],
                "9": [
                    6.4625850340136015,
                    2.829931972789113,
                    1.0933333333333333,
                    0.3265306122449019,
                    0.1088435374149709
                ]
            },
            "minDCF": {
                "0": [
                    0.3662925170068027,
                    0.1785578231292524,
                    0.0614680272108852,
                    0.0436965986394548,
                    0.0045319727891155
                ],
                "1": [
                    0.4679469387755094,
                    0.1825455782312931,
                    0.0891850340136046,
                    0.0360258503401369,
                    0.0100163265306119
                ],
                "2": [
                    0.3628870748299317,
                    0.2463782312925166,
                    0.1101755102040824,
                    0.0381931972789119,
                    0.0250244897959179
                ],
                "3": [
                    0.3595047619047625,
                    0.1434707482993189,
                    0.0209850340136048,
                    0.0120054421768701,
                    0.0048884353741492
                ],
                "4": [
                    0.5842163265306132,
                    0.3357877551020417,
                    0.1032312925170075,
                    0.0972394557823135,
                    0.0375972789115647
                ],
                "5": [
                    0.4488857142857149,
                    0.1977931972789126,
                    0.0507006802721088,
                    0.0039877551020406,
                    0.0102789115646251
                ],
                "6": [
                    0.3443687074829924,
                    0.1095088435374144,
                    0.0507659863945588,
                    0.0149564625850335,
                    0.0105183673469386
                ],
                "7": [
                    0.3969619047619052,
                    0.1485088435374144,
                    0.0298938775510208,
                    0.0035795918367345,
                    0.0009523809523809
                ],
                "8": [
                    0.4445170068027211,
                    0.1552312925170068,
                    0.0178462585034003,
                    0.0130095238095235,
                    0.0142340136054418
                ],
                "9": [
                    0.3447646258503406,
                    0.1863210884353733,
                    0.0526993197278913,
                    0.0215387755102039,
                    0.0066571428571424
                ]
            }
        },
        "male": {
            "eer": {
                "0": [
                    7.061224489795914,
                    3.360544217687078,
                    1.3983333333333334,
                    0.4833333333333333,
                    0.2210884353741504
                ],
                "1": [
                    8.051666666666666,
                    2.78,
                    1.4727891156462558,
                    0.867346938775515,
                    0.4965986394557808
                ],
                "2": [
                    8.561666666666666,
                    3.935374149659865,
                    1.4933333333333334,
                    0.4795918367346941,
                    0.2074829931972832
                ],
                "3": [
                    7.0183333333333335,
                    2.200680272108846,
                    1.3537414965986372,
                    0.6833333333333333,
                    0.4489795918367401
                ],
                "4": [
                    7.248333333333333,
                    2.7278911564625807,
                    1.6836734693877586,
                    0.5966666666666667,
                    0.5510204081632608
                ],
                "5": [
                    7.0170068027210935,
                    2.989795918367344,
                    1.3516666666666666,
                    0.4659863945578268,
                    0.3883333333333333
                ],
                "6": [
                    5.948333333333333,
                    2.693877551020407,
                    1.038333333333333,
                    0.4523809523809485,
                    0.3979591836734686
                ],
                "7": [
                    7.531666666666667,
                    2.76,
                    1.4965986394557818,
                    0.5383333333333333,
                    0.2366666666666666
                ],
                "8": [
                    7.9999999999999964,
                    2.9795918367346963,
                    1.5483333333333331,
                    0.8383333333333333,
                    0.2687074829932023
                ],
                "9": [
                    5.7283333333333335,
                    1.9557823129251692,
                    1.200680272108845,
                    0.9566666666666666,
                    0.385
                ]
            },
            "minDCF": {
                "0": [
                    0.4061955782312917,
                    0.2338775510204082,
                    0.0999955782312919,
                    0.0358414965986396,
                    0.0138632653061218
                ],
                "1": [
                    0.4723877551020409,
                    0.1939360544217697,
                    0.1229799319727887,
                    0.0718343537414972,
                    0.0422605442176868
                ],
                "2": [
                    0.4415455782312917,
                    0.2158799319727893,
                    0.1031959183673471,
                    0.0232017006802713,
                    0.0124476190476184
                ],