{"eval": {"female": {"eer": {"9_6": 11.986394557823132, "9_3": 11.0, "9_0": 12.149659863945583, "9_1": 10.76190476190476, "6_9": 11.253333333333334, "6_3": 8.153333333333332, "6_0": 9.374149659863953, "6_1": 10.612244897959188, "3_9": 9.87755102040816, "3_6": 10.686666666666667, "3_0": 11.88, "3_1": 9.846666666666666, "0_9": 13.22448979591837, "0_6": 11.074829931972785, "0_3": 10.466666666666669, "0_1": 14.244897959183678, "1_9": 11.106666666666666, "1_6": 13.473333333333334, "1_3": 10.99319727891156, "1_0": 13.17006802721088}, "minDCF": {"9_6": 0.8700013605442184, "9_3": 0.883314285714285, "9_0": 0.8502517006802729, "9_1": 0.9096938775510212, "6_9": 0.8534326530612243, "6_3": 0.7191755102040814, "6_0": 0.796239455782313, "6_1": 0.8234312925170074, "3_9": 0.8419823129251706, "3_6": 0.8177102040816333, "3_0": 0.7956353741496605, "3_1": 0.8691687074829927, "0_9": 0.93381768707483, "0_6": 0.8338598639455789, "0_3": 0.7624680272108847, "0_1": 0.8624707482993197, "1_9": 0.9016843537414962, "1_6": 0.8272435374149648, "1_3": 0.8788721088435367, "1_0": 0.8708639455782314}}, "male": {"eer": {"9_6": 10.83, "9_3": 11.979591836734691, "9_0": 13.276666666666667, "9_1": 10.773333333333332, "6_9": 11.027210884353744, "6_3": 10.606666666666667, "6_0": 10.60544217687075, "6_1": 10.591836734693882, "3_9": 12.197278911564624, "3_6": 11.10544217687075, "3_0": 12.38095238095238, "3_1": 11.335, "0_9": 12.32312925170068, "0_6": 11.15, "0_3": 12.986666666666666, "0_1": 13.903333333333334, "1_9": 10.129251700680276, "1_6": 10.77, "1_3": 11.238333333333332, "1_0": 13.574829931972786}, "minDCF": {"9_6": 0.868698299319728, "9_3": 0.8954891156462581, "9_0": 0.923327551020408, "9_1": 0.8652268707483003, "6_9": 0.8591942176870749, "6_3": 0.8023459183673468, "6_0": 0.8244761904761913, "6_1": 0.8619918367346929, "3_9": 0.9122989795918358, "3_6": 0.8461435374149668, "3_0": 0.8532197278911565, "3_1": 0.8939741496598648, "0_9": 0.9034612244897968, "0_6": 0.8349802721088436, "0_3": 0.8615115646258503, "0_1": 0.9525666666666666, "1_9": 0.8925261904761908, "1_6": 0.8929673469387761, "1_3": 0.911854761904762, "1_0": 0.9261421768707492}}, "all": {"eer": {"9_6": 11.238666666666669, "9_3": 11.782312925170068, "9_0": 13.123809523809529, "9_1": 11.178231292517005, "6_9": 11.572789115646254, "6_3": 10.218666666666666, "6_0": 10.724, "6_1": 10.954666666666666, "3_9": 11.749659863945585, "3_6": 10.985034013605445, "3_0": 12.255782312925168, "3_1": 11.056, "0_9": 12.582312925170068, "0_6": 11.082666666666666, "0_3": 12.604081632653063, "0_1": 14.349333333333334, "1_9": 10.557823129251698, "1_6": 11.709333333333332, "1_3": 11.172789115646252, "1_0": 13.628000000000002}, "minDCF": {"9_6": 0.8817028571428568, "9_3": 0.8975915646258501, "9_0": 0.91196380952381, "9_1": 0.8880253061224486, "6_9": 0.8714106122448989, "6_3": 0.7877923809523804, "6_0": 0.8227374149659856, "6_1": 0.8690868027210876, "3_9": 0.902884081632652, "3_6": 0.8429583673469391, "3_0": 0.8436819047619045, "3_1": 0.8908242176870745, "0_9": 0.9113869387755112, "0_6": 0.847916462585035, "0_3": 0.845608163265306, "0_1": 0.9354370068027216, "1_9": 0.8972971428571427, "1_6": 0.8884971428571431, "1_3": 0.907124081632652, "1_0": 0.9162370068027204}}}}