{"eval": {"female": {"eer": {"0": [6.886666666666668, 1.5266666666666666, 1.7733333333333334, 0.4599999999999999, 0.1], "1": [6.952380952380954, 2.773333333333333, 1.156462585034013, 0.7866666666666666, 0.3666666666666666], "2": [6.13605442176871, 4.244897959183669, 1.4421768707483018, 0.2176870748299308, 0.8027210884353764], "3": [6.653333333333333, 2.033333333333333, 0.5714285714285672, 0.2312925170067981, 0.0408163265306127], "4": [8.346666666666666, 3.9047619047619, 1.893333333333333, 1.2517006802721051, 0.6258503401360582], "5": [9.469387755102044, 2.833333333333333, 1.3605442176870763, 0.4761904761904745, 0.0952380952380926], "6": [6.233333333333333, 1.88, 0.74, 0.0866666666666666, 0.0533333333333333], "7": [6.22, 1.3605442176870763, 0.50340136054422, 0.0733333333333333, 0.0136054421768672], "8": [6.598639455782318, 2.273333333333333, 0.8466666666666668, 0.3133333333333333, 0.0733333333333333], "9": [7.766666666666666, 4.486666666666666, 1.2789115646258509, 0.2866666666666667, 0.1266666666666666]}, "minDCF": {"0": [0.3941741496598636, 0.0984272108843546, 0.1343074829931964, 0.0310530612244892, 0.0037156462585032], "1": [0.4291020408163266, 0.1950013605442176, 0.074561904761905, 0.021393197278911, 0.0203469387755095], "2": [0.3379469387755102, 0.3290136054421769, 0.1019877551020407, 0.0161809523809519, 0.0380666666666675], "3": [0.3178911564625843, 0.1279782312925172, 0.0344680272108845, 0.0091578231292515, 0.0012244897959183], "4": [0.4791088435374144, 0.2690843537414956, 0.1233904761904759, 0.0963904761904752, 0.0549088435374145], "5": [0.5164680272108854, 0.189614965986395, 0.0551768707482986, 0.0244380952380949, 0.0105605442176867], "6": [0.3767074829931967, 0.1364557823129252, 0.0459904761904764, 0.0047102040816323, 0.0076938775510197], "7": [0.3195741496598637, 0.103357823129252, 0.0342666666666658, 0.0033074829931971, 0.0002721088435374], "8": [0.3742068027210875, 0.1483251700680266, 0.0643714285714295, 0.0272149659863948, 0.0029931972789115], "9": [0.418678911564626, 0.2277482993197279, 0.0966816326530611, 0.0165374149659856, 0.0050340136054421]}}, "male": {"eer": {"0": [6.496666666666667, 3.4183673469387776, 1.401360544217689, 0.8916666666666666, 0.6802721088435382], "1": [6.428571428571428, 3.478333333333333, 1.8416666666666668, 1.1632653061224518, 0.7416666666666667], "2": [9.622448979591836, 3.373333333333333, 0.9115646258503364, 0.3367346938775495, 0.2766666666666666], "3": [6.698333333333334, 2.5, 1.1233333333333333, 0.5306122448979544, 0.32], "4": [6.258503401360549, 2.915, 1.48, 1.4666666666666666, 0.5083333333333333], "5": [6.78, 3.523809523809529, 1.3633333333333335, 0.6366666666666666, 0.315], "6": [6.544999999999999, 2.9693877551020376, 1.13, 0.5700000000000001, 0.309523809523804], "7": [7.455782312925175, 3.098639455782315, 0.928571428571423, 0.3299319727891103, 0.1716666666666666], "8": [8.046666666666667, 3.4659863945578184, 1.0884353741496544, 0.4353741496598617, 0.3833333333333333], "9": [6.170068027210885, 2.663333333333333, 1.1266666666666667, 0.8197278911564632, 0.3469387755102082]}, "minDCF": {"0": [0.4211894557823135, 0.2328268707482993, 0.1058312925170066, 0.0578976190476194, 0.0434993197278915], "1": [0.4314408163265308, 0.2392564625850342, 0.1374414965986388, 0.094121428571429, 0.046874829931973], "2": [0.4835982993197283, 0.1817384353741497, 0.0540799319727896, 0.02025544217687, 0.0167731292516998], "3": [0.3819139455782307, 0.2047857142857133, 0.0937683673469391, 0.0371013605442184, 0.019300680272108], "4": [0.3380724489795925, 0.1688636054421766, 0.0845931972789107, 0.0940394557823137, 0.0357700680272114], "5": [0.4049078231292518, 0.2046741496598639, 0.0936452380952385, 0.0287693877551012, 0.0221414965986389], "6": [0.4656231292517011, 0.1920425170068036, 0.103172789115646, 0.0598778911564629, 0.0259285714285703], "7": [0.3930598639455777, 0.1819224489795914, 0.0568772108843541, 0.0199962585034006, 0.0120734693877545], "8": [0.4514758503401359, 0.2043071428571431, 0.0641605442176866, 0.0280996598639447, 0.0205768707482987], "9": [0.4302595238095234, 0.2268214285714284, 0.0959193877551023, 0.0648734693877541, 0.0166619047619045]}}, "all": {"eer": {"0": [6.579591836734688, 3.3906666666666667, 1.782312925170071, 0.8625850340136076, 0.6346666666666666], "1": [6.566666666666666, 3.442176870748304, 1.8053333333333332, 1.1133333333333333, 0.7537414965986367], "2": [8.930612244897961, 3.491156462585032, 1.0506666666666666, 0.3047619047619077, 0.42], "3": [6.6068027210884335, 2.361904761904765, 0.9773333333333334, 0.4666666666666667, 0.268], "4": [6.509333333333334, 3.021333333333333, 1.7613333333333334, 1.518367346938776, 0.5626666666666666], "5": [7.289795918367348, 3.544, 1.4453333333333334, 0.8027210884353764, 0.2721088435374108], "6": [6.650666666666667, 2.8386666666666667, 1.0721088435374115, 0.4816326530612258, 0.2613333333333333], "7": [7.259863945578227, 2.786394557823124, 0.9226666666666666, 0.316, 0.1496598639455837], "8": [7.7795918367346895, 3.2146666666666666, 1.056, 0.4734693877550988, 0.3346938775510177], "9": [6.465333333333333, 3.056, 1.4340136054421748, 0.7773333333333333, 0.3074829931972833]}, "minDCF": {"0": [0.413972517006803, 0.2085082993197286, 0.1406544217687066, 0.0616506122448972, 0.0355425850340126], "1": [0.4333156462585025, 0.2449398639455777, 0.1304312925170058, 0.0799970068027202, 0.0455102040816333], "2": [0.4532557823129255, 0.2294780952380945, 0.0745248979591831, 0.0173115646258497, 0.0411327891156471], "3": [0.3653774149659869, 0.1904873469387748, 0.0832666666666665, 0.0314770068027208, 0.0168827210884351], "4": [0.3696438095238103, 0.1874691156462574, 0.114960272108843, 0.1005882993197284, 0.0411983673469389], "5": [0.4471050340136063, 0.2110827210884349, 0.0873684353741491, 0.0427047619047629, 0.018565170068028], "6": [0.4584914285714289, 0.1837869387755099, 0.0938285714285716, 0.049236462585033, 0.0212955102040824], "7": [0.3749929251700677, 0.1668574149659854, 0.0551877551020411, 0.0179795918367339, 0.0097591836734689], "8": [0.4259589115646248, 0.1912019047619051, 0.0645507482993193, 0.0295140136054413, 0.0171229931972797], "9": [0.4275036734693875, 0.2317757823129242, 0.1160514285714292, 0.0552334693877554, 0.0145624489795907]}}}}