{"eval": {"female": {"eer": {"9_6": 10.74, "9_3": 12.153333333333332, "9_0": 11.4421768707483, "9_1": 10.20408163265306, "6_9": 8.673333333333332, "6_3": 7.931972789115649, "6_0": 11.374149659863942, "6_1": 12.44897959183674, "3_9": 9.48299319727891, "3_6": 8.18, "3_0": 12.8, "3_1": 9.82312925170068, "0_9": 12.113333333333332, "0_6": 11.333333333333329, "0_3": 12.606666666666666, "0_1": 13.360544217687076, "1_9": 12.299319727891156, "1_6": 15.333333333333332, "1_3": 12.38095238095238, "1_0": 10.113333333333332}, "minDCF": {"9_6": 0.7918204081632657, "9_3": 0.8424435374149667, "9_0": 0.7673115646258499, "9_1": 0.8038136054421766, "6_9": 0.6888503401360538, "6_3": 0.6997632653061218, "6_0": 0.7740530612244908, "6_1": 0.7745551020408153, "3_9": 0.7902802721088443, "3_6": 0.6794353741496608, "3_0": 0.8946258503401362, "3_1": 0.7367292517006796, "0_9": 0.8785578231292512, "0_6": 0.8749346938775517, "0_3": 0.8475809523809515, "0_1": 0.8416748299319734, "1_9": 0.8426312925170077, "1_6": 0.8479700680272113, "1_3": 0.8042476190476197, "1_0": 0.7646421768707481}}, "male": {"eer": {"9_6": 10.33, "9_3": 10.166666666666666, "9_0": 11.65, "9_1": 11.078333333333331, "6_9": 9.476190476190473, "6_3": 10.081666666666669, "6_0": 9.554421768707488, "6_1": 9.299319727891152, "3_9": 10.959183673469386, "3_6": 9.613333333333332, "3_0": 14.258503401360546, "3_1": 9.438333333333333, "0_9": 11.305, "0_6": 11.806666666666668, "0_3": 12.738333333333332, "0_1": 12.360544217687076, "1_9": 11.394557823129247, "1_6": 9.251700680272112, "1_3": 11.32, "1_0": 12.085034013605444}, "minDCF": {"9_6": 0.7928969387755108, "9_3": 0.786202380952381, "9_0": 0.831965986394558, "9_1": 0.857091836734693, "6_9": 0.7559173469387754, "6_3": 0.7796925170068016, "6_0": 0.7844758503401359, "6_1": 0.7804448979591836, "3_9": 0.8175979591836731, "3_6": 0.7914435374149661, "3_0": 0.8539238095238098, "3_1": 0.759808163265305, "0_9": 0.8509581632653054, "0_6": 0.8576962585034017, "0_3": 0.8368782312925171, "0_1": 0.8634884353741507, "1_9": 0.8642540816326533, "1_6": 0.807856462585035, "1_3": 0.8023727891156459, "1_0": 0.8470564625850348}}, "all": {"eer": {"9_6": 10.841333333333331, "9_3": 11.405333333333337, "9_0": 12.477333333333334, "9_1": 11.439455782312924, "6_9": 10.092517006802726, "6_3": 10.160544217687072, "6_0": 10.421333333333331, "6_1": 10.304761904761904, "3_9": 11.108, "3_6": 9.363265306122448, "3_0": 14.412, "3_1": 9.90204081632653, "0_9": 12.32108843537415, "0_6": 11.776870748299316, "0_3": 13.111999999999998, "0_1": 13.204, "1_9": 12.172, "1_6": 10.86, "1_3": 11.976, "1_0": 12.8}, "minDCF": {"9_6": 0.8387855782312932, "9_3": 0.8797741496598649, "9_0": 0.854756734693878, "9_1": 0.8522174149659854, "6_9": 0.7930223129251709, "6_3": 0.7795390476190475, "6_0": 0.8349757823129256, "6_1": 0.8158500680272114, "3_9": 0.8411036734693874, "3_6": 0.7729091156462587, "3_0": 0.8753227210884357, "3_1": 0.7801137414965982, "0_9": 0.9008922448979588, "0_6": 0.8627431292517004, "0_3": 0.892156190476191, "0_1": 0.9040190476190472, "1_9": 0.9007994557823132, "1_6": 0.8640146938775514, "1_3": 0.8514786394557825, "1_0": 0.8701689795918374}}}}