{"eval": {"female": {"eer": {"0": [5.537414965986399, 2.166666666666667, 0.9387755102040818, 0.1360544217687054, 0.0952380952380926], "1": [10.193333333333332, 4.312925170068027, 1.6598639455782327, 0.9533333333333333, 0.952380952380949], "2": [8.31292517006803, 2.7755102040816326, 1.4866666666666668, 0.666666666666671, 0.2721088435374108], "3": [5.959183673469393, 1.7414965986394582, 0.4897959183673417, 1.08, 0.0266666666666666], "4": [10.70748299319728, 9.156462585034008, 6.013605442176873, 2.4266666666666667, 2.2333333333333334], "5": [9.033333333333331, 4.557823129251704, 1.6462585034013657, 1.0748299319727872, 0.24], "6": [4.217687074829934, 1.224489795918371, 0.2448979591836764, 0.16, 0.0680272108843582], "7": [4.086666666666667, 1.4285714285714235, 0.3466666666666667, 0.1768707482993181, 0.0733333333333333], "8": [5.3933333333333335, 1.9727891156462565, 0.1496598639455837, 0.2, 0.0952380952380926], "9": [5.836734693877554, 2.1496598639455744, 0.8266666666666667, 0.5578231292517, 0.1533333333333333]}, "minDCF": {"0": [0.3231265306122453, 0.1352598639455774, 0.0475197278911562, 0.0071170068027209, 0.0060285714285712], "1": [0.4877197278911573, 0.2620421768707489, 0.0990843537414963, 0.0416653061224484, 0.0584979591836733], "2": [0.3361414965986396, 0.1464680272108838, 0.0775360544217681, 0.0375319727891148, 0.0109265306122447], "3": [0.2907088435374155, 0.115907482993197, 0.0288761904761899, 0.0395823129251696, 0.0004081632653061], "4": [0.6288761904761908, 0.534416326530613, 0.3616952380952373, 0.1698122448979582, 0.1761700680272102], "5": [0.4875265306122454, 0.2691333333333343, 0.1399319727891149, 0.0551673469387765, 0.0111047619047616], "6": [0.2594394557823125, 0.0653006802721087, 0.0182965986394567, 0.0095986394557816, 0.0041238095238093], "7": [0.2344707482993203, 0.0705741496598643, 0.0326476190476189, 0.0101945578231288, 0.0122775510204076], "8": [0.3109659863945578, 0.0970054421768709, 0.0118272108843533, 0.0127374149659861, 0.0038095238095238], "9": [0.3604612244897968, 0.1362544217687065, 0.0445360544217688, 0.0116068027210882, 0.0101102040816325]}}, "male": {"eer": {"0": [5.701666666666667, 3.057823129251702, 1.2755102040816313, 0.4421768707483009, 0.3231292517006823], "1": [8.405, 3.316326530612246, 1.425170068027215, 0.8741496598639431, 0.3673469387755146], "2": [8.248333333333333, 3.306122448979587, 1.6088435374149612, 0.47, 0.4251700680272141], "3": [8.619047619047615, 3.14, 2.2891156462584994, 0.9566666666666666, 0.1566666666666666], "4": [7.76, 3.175, 1.9083333333333332, 0.6768707482993186, 0.5916666666666667], "5": [5.006802721088432, 1.9533333333333331, 0.6020408163265323, 0.165, 0.0748299319727863], "6": [6.365, 2.017006802721089, 1.4523809523809494, 0.4833333333333333, 0.22448979591837], "7": [6.158333333333333, 2.517006802721089, 0.7551020408163245, 0.6, 0.0578231292516995], "8": [8.14965986394558, 3.0544217687074826, 0.7619047619047636, 1.1054421768707523, 0.4557823129251681], "9": [5.515, 1.6768707482993197, 0.6870748299319773, 0.58, 0.3333333333333333]}, "minDCF": {"0": [0.3208925170068026, 0.1687993197278915, 0.0983921768707475, 0.0263649659863937, 0.0144380952380949], "1": [0.4963976190476199, 0.2331149659863954, 0.1038942176870741, 0.0812122448979583, 0.0409503401360539], "2": [0.4378081632653063, 0.1852738095238104, 0.0851772108843548, 0.0311034013605433, 0.0205217687074825], "3": [0.3900962585034009, 0.152037074829932, 0.1105125850340144, 0.0596965986394555, 0.0059136054421766], "4": [0.3506482993197284, 0.1663717687074822, 0.0996166666666658, 0.0435040816326537, 0.0303704081632646], "5": [0.2942404761904756, 0.119092176870749, 0.039117687074829, 0.0082112244897955, 0.0037520408163264], "6": [0.398180272108844, 0.1395129251700677, 0.1258867346938769, 0.0259836734693887, 0.0116513605442175], "7": [0.336162244897959, 0.1280751700680275, 0.0570622448979587, 0.0408275510204087, 0.0024700680272108], "8": [0.4386044217687065, 0.213969047619047, 0.0391738095238102, 0.067101020408163, 0.01811156462585], "9": [0.3675132653061218, 0.1140826530612247, 0.0441326530612248, 0.0309591836734686, 0.0241646258503392]}}, "all": {"eer": {"0": [6.498666666666667, 3.392, 2.044, 0.8653333333333334, 0.4897959183673417], "1": [8.94421768707483, 4.052, 1.7466666666666666, 1.5213333333333334, 0.6775510204081625], "2": [8.402721088435372, 3.1413333333333333, 1.6408163265306142, 0.4816326530612258, 0.4093333333333333], "3": [8.077333333333334, 3.009333333333333, 2.096, 0.9986666666666666, 0.2146666666666666], "4": [8.595918367346943, 4.400000000000004, 3.04, 1.1226666666666667, 1.2761904761904752], "5": [5.958666666666667, 2.70476190476191, 0.988, 0.408, 0.239455782312925], "6": [6.08163265306122, 2.027210884353736, 1.2462585034013651, 0.4479999999999999, 0.2213333333333333], "7": [6.013605442176873, 2.7053333333333334, 0.9746666666666668, 0.6204081632653069, 0.0789115646258498], "8": [7.9999999999999964, 3.2626666666666666, 0.664, 0.8952380952380934, 0.4173333333333333], "9": [5.874829931972792, 2.2533333333333334, 1.090666666666667, 0.912, 0.3918367346938733]}, "minDCF": {"0": [0.3737790476190479, 0.2048941496598633, 0.1297055782312919, 0.0564084353741493, 0.0306579591836735], "1": [0.5366957823129251, 0.259189387755102, 0.1176927891156468, 0.0914922448979585, 0.0591491156462591], "2": [0.4217904761904768, 0.1712261224489805, 0.1107074829931973, 0.0347292517006794, 0.019303673469387], "3": [0.3687646258503406, 0.1507023129251703, 0.0962503401360553, 0.0567210884353748, 0.0100669387755093], "4": [0.5007831292517005, 0.3441986394557829, 0.2254285714285721, 0.1046073469387761, 0.1155899319727885], "5": [0.4052802721088428, 0.216654693877552, 0.0847284353741504, 0.0551959183673463, 0.0125404081632647], "6": [0.3714459863945585, 0.1295727891156454, 0.1023420408163265, 0.022453333333334, 0.0128274829931965], "7": [0.3167964625850348, 0.1296293877551029, 0.061791564625851, 0.0403523809523818, 0.0035167346938778], "8": [0.4134027210884353, 0.2016887074829928, 0.0329406802721088, 0.0558726530612237, 0.0178323809523809], "9": [0.3850873469387754, 0.1553178231292511, 0.0702764625850333, 0.0497428571428577, 0.0237613605442176]}}}}