{"eval": {"female": {"eer": {"0": [7.706666666666667, 2.1133333333333333, 0.50340136054422, 0.64, 0.1133333333333333], "1": [8.333333333333332, 2.813333333333333, 1.9455782312925216, 0.7799999999999999, 0.7074829931972837], "2": [8.040816326530608, 2.313333333333333, 1.3605442176870763, 0.4066666666666666, 0.2066666666666666], "3": [5.5, 2.18, 0.72, 0.58, 0.32], "4": [10.1, 4.866666666666666, 3.9047619047619, 3.3197278911564654, 1.1333333333333333], "5": [6.408163265306122, 3.3666666666666663, 1.5374149659863945, 0.8066666666666666, 0.8707482993197235], "6": [4.993333333333334, 1.3605442176870763, 0.2866666666666667, 0.2933333333333333, 0.1399999999999999], "7": [6.176870748299324, 2.4, 0.4217687074829945, 0.0866666666666666, 0.0136054421768672], "8": [6.013605442176873, 1.2653061224489837, 0.8299319727891108, 0.0952380952380926, 0.2066666666666666], "9": [9.755102040816322, 3.129251700680269, 0.2857142857142891, 0.5866666666666667, 0.3129251700680235]}, "minDCF": {"0": [0.4557959183673463, 0.1333224489795915, 0.03478231292517, 0.0290965986394549, 0.0034435374149658], "1": [0.4335469387755099, 0.1594122448979595, 0.1096775510204091, 0.0684435374149665, 0.0301102040816325], "2": [0.3515102040816327, 0.1296530612244898, 0.0540884353741489, 0.0220734693877545, 0.0077034013605439], "3": [0.2651401360544228, 0.1267074829931973, 0.031010884353741, 0.0205346938775506, 0.029204081632653], "4": [0.5489088435374146, 0.2970040816326534, 0.2376190476190469, 0.2291972789115647, 0.0475387755102046], "5": [0.4581034013605435, 0.1452530612244897, 0.1156680272108835, 0.0475482993197288, 0.0594598639455785], "6": [0.2994857142857141, 0.0639823129251698, 0.0224299319727882, 0.0195632653061233, 0.0067088435374148], "7": [0.3451578231292516, 0.1287959183673469, 0.0183904761904752, 0.007745578231292, 0.0001360544217687], "8": [0.3039809523809523, 0.0943496598639446, 0.0476653061224491, 0.0091904761904754, 0.0157306122448976], "9": [0.4070911564625841, 0.1808421768707477, 0.0202108843537408, 0.0266476190476182, 0.0100163265306119]}}, "male": {"eer": {"0": [7.877551020408157, 2.7244897959183723, 0.9931972789115616, 0.37, 0.175], "1": [7.683673469387752, 3.1156462585034017, 1.3066666666666666, 0.8883333333333333, 0.5483333333333333], "2": [11.21428571428571, 3.501666666666667, 1.085034013605446, 0.5612244897959195, 0.3537414965986363], "3": [8.33, 2.711666666666667, 0.8877551020408214, 0.4, 0.32], "4": [6.368333333333333, 1.6224489795918395, 0.7517006802721049, 0.6433333333333333, 0.6462585034013646], "5": [5.367346938775508, 1.9366666666666668, 0.812925170068024, 0.2416666666666666, 0.1366666666666666], "6": [5.671666666666667, 2.6316666666666664, 1.1088435374149608, 1.085, 0.3733333333333333], "7": [6.909999999999999, 2.7383333333333333, 1.1866666666666663, 0.3265306122449019, 0.0683333333333333], "8": [8.846938775510205, 2.693877551020407, 1.649659863945574, 0.98, 0.2108843537414917], "9": [5.491666666666667, 2.8633333333333333, 0.9766666666666668, 0.2891156462585087, 0.365]}, "minDCF": {"0": [0.5277959183673477, 0.1753976190476184, 0.0623193877551024, 0.0311336734693883, 0.0114343537414963], "1": [0.4771476190476187, 0.2325333333333331, 0.0936707482993193, 0.066006462585033, 0.0411442176870754], "2": [0.5459816326530611, 0.1893649659863938, 0.0748965986394559, 0.0252343537414959, 0.0234598639455778], "3": [0.4199704081632659, 0.1387295918367349, 0.0569659863945571, 0.0217414965986387, 0.0306142857142848], "4": [0.3365102040816334, 0.0887499999999994, 0.0598676870748292, 0.0338748299319737, 0.026438775510203], "5": [0.2913908163265314, 0.1319887755102035, 0.0545829931972791, 0.0102673469387753, 0.0062173469387751], "6": [0.3731200680272115, 0.1760346938775509, 0.1090445578231299, 0.0877748299319728, 0.0514108843537419], "7": [0.3743227891156464, 0.1459731292517003, 0.0834408163265301, 0.0134809523809518, 0.0034459183673469], "8": [0.4973408163265306, 0.1698149659863947, 0.0719462585034013, 0.0516370748299311, 0.0201136054421763], "9": [0.379474149659865, 0.2000901360544227, 0.0505942176870756, 0.0172459183673464, 0.0208829931972783]}}, "all": {"eer": {"0": [8.689333333333334, 3.1466666666666665, 1.0557823129251689, 0.6426666666666666, 0.3374149659863934], "1": [8.217687074829927, 3.8546666666666662, 2.18, 1.0506666666666666, 0.904], "2": [10.444, 3.2027210884353785, 1.1106666666666667, 0.4843537414966015, 0.376], "3": [7.804, 2.628571428571425, 0.9906666666666666, 0.4893333333333334, 0.4054421768707517], "4": [7.334666666666667, 2.313333333333333, 1.708843537414961, 1.672, 0.9197278911564633], "5": [5.913333333333334, 2.569333333333333, 0.9893333333333334, 0.4333333333333333, 0.4870748299319771], "6": [6.093333333333333, 2.4571428571428577, 1.0340136054421745, 1.0373333333333334, 0.3374149659863934], "7": [7.1386666666666665, 2.805333333333333, 1.172, 0.3026666666666666, 0.0761904761904741], "8": [8.729251700680274, 2.4843537414966037, 1.6906666666666668, 0.9795918367346944, 0.18], "9": [6.666666666666667, 4.086666666666667, 0.8466666666666668, 0.7946666666666666, 0.4326530612244861]}, "minDCF": {"0": [0.5519357823129252, 0.2004081632653068, 0.0614059863945575, 0.0500372789115637, 0.0204220408163255], "1": [0.5288225850340144, 0.2478677551020407, 0.1609812244897955, 0.0774740136054425, 0.048729523809524], "2": [0.5030993197278916, 0.1715496598639464, 0.0731923809523809, 0.0229882993197285, 0.0221025850340144], "3": [0.3859874829931982, 0.1387738775510202, 0.0550402721088441, 0.0235099319727887, 0.0382982312925168], "4": [0.478172789115646, 0.1598810884353736, 0.1455940136054411, 0.1446489795918365, 0.0413123809523808], "5": [0.3975262585034015, 0.1816666666666674, 0.0750389115646252, 0.0317069387755101, 0.0467831292517011], "6": [0.3813991836734684, 0.1535687074829935, 0.0908029931972779, 0.0736253061224496, 0.0425502040816329], "7": [0.3826734693877552, 0.1501044897959177, 0.0751975510204085, 0.0129597278911572, 0.004368707482993], "8": [0.4629477551020398, 0.1469744217687077, 0.0703031292516998, 0.0491668027210879, 0.0178032653061232], "9": [0.4234903401360546, 0.3140639455782304, 0.0426672108843538, 0.0455834013605432, 0.0324789115646262]}}}}