{"eval": {"female": {"eer": {"0": [6.1, 2.380952380952384, 2.046666666666667, 0.3466666666666667, 0.4], "1": [10.413333333333332, 2.286666666666666, 2.2585034013605454, 0.6530612244897926, 0.2993197278911563], "2": [7.795918367346943, 3.1133333333333333, 1.387755102040822, 0.5333333333333333, 0.2133333333333333], "3": [6.453333333333333, 1.2733333333333332, 0.6533333333333333, 0.1224489795918382, 0.0136054421768672], "4": [10.612244897959188, 8.394557823129256, 4.544217687074825, 2.033333333333333, 3.0068027210884307], "5": [9.866666666666667, 4.231292517006802, 1.4965986394557818, 0.9115646258503364, 0.18], "6": [5.28, 0.6530612244897926, 0.3673469387755146, 0.2040816326530636, 0.0136054421768672], "7": [4.217687074829934, 1.0533333333333337, 0.5714285714285672, 0.0136054421768672, 0.0733333333333333], "8": [6.013605442176873, 1.7142857142857126, 0.7074829931972837, 0.1666666666666666, 0.0816326530612254], "9": [7.813333333333333, 2.204081632653065, 0.5066666666666666, 0.5986394557823127, 0.36]}, "minDCF": {"0": [0.3755061224489801, 0.1198585034013604, 0.1284435374149665, 0.0143278911564624, 0.0177714285714282], "1": [0.4964163265306129, 0.1550911564625847, 0.141485714285714, 0.0341401360544213, 0.0220312925170063], "2": [0.2991210884353736, 0.172862585034013, 0.0658775510204074, 0.0259768707482989, 0.0084353741496598], "3": [0.3025591836734685, 0.0607877551020416, 0.0245551020408173, 0.0062489795918363, 0.0002721088435374], "4": [0.6712829931972794, 0.4642326530612237, 0.3154367346938767, 0.1318775510204082, 0.157967346938776], "5": [0.5041428571428566, 0.2415877551020413, 0.0948761904761906, 0.0469523809523816, 0.0064367346938774], "6": [0.287602721088435, 0.04711156462585, 0.0185360544217681, 0.0188408163265316, 0.0008163265306122], "7": [0.247081632653062, 0.0526571428571431, 0.0341020408163265, 0.0002721088435374, 0.0024911564625848], "8": [0.3470204081632653, 0.0880775510204086, 0.039112925170069, 0.0177850340136058, 0.0043537414965986], "9": [0.3925238095238102, 0.1826285714285719, 0.0206190476190469, 0.0252448979591829, 0.0161714285714277]}}, "male": {"eer": {"0": [6.894557823129254, 2.305, 0.615, 0.9433333333333334, 0.2959183673469368], "1": [7.734693877551024, 3.235, 1.4115646258503367, 1.1020408163265327, 0.394557823129249], "2": [10.26, 4.13265306122449, 1.6666666666666718, 0.4966666666666667, 0.394557823129249], "3": [8.670068027210887, 3.663265306122454, 0.7333333333333333, 1.0266666666666666, 0.3899999999999999], "4": [8.596666666666666, 2.513605442176869, 1.5136054421768683, 0.4149659863945554, 0.4516666666666667], "5": [6.1033333333333335, 2.037414965986395, 0.5616666666666666, 0.3163265306122431, 0.0136054421768672], "6": [7.47959183673469, 2.1802721088435395, 1.731666666666667, 0.6316666666666667, 0.2312925170067981], "7": [8.163265306122447, 2.306666666666666, 0.7619047619047636, 0.3231292517006823, 0.0483333333333333], "8": [8.860544217687071, 2.768333333333333, 1.255, 0.6564625850340122, 0.3435374149659886], "9": [6.180272108843532, 2.2333333333333334, 1.2176870748299318, 0.4533333333333333, 0.2966666666666666]}, "minDCF": {"0": [0.3565010204081639, 0.1729724489795909, 0.0347710884353735, 0.0661068027210893, 0.0137448979591833], "1": [0.4722877551020399, 0.1925993197278911, 0.1167414965986394, 0.0845153061224488, 0.0255122448979582], "2": [0.535282312925169, 0.2150503401360548, 0.088101360544217, 0.0338537414965975, 0.0165421768707478], "3": [0.4013996598639447, 0.1969965986394561, 0.0498809523809527, 0.0581037414965981, 0.0186697278911558], "4": [0.4211149659863947, 0.151117346938775, 0.0953377551020414, 0.0224054421768703, 0.0214904761904754], "5": [0.3421479591836727, 0.12567074829932, 0.0353455782312933, 0.0130880952380949, 0.0009289115646258], "6": [0.4988863945578223, 0.1590428571428562, 0.1082676870748307, 0.0449758503401361, 0.0232860544217697], "7": [0.4116020408163263, 0.1311928571428579, 0.0467047619047622, 0.0226680272108835, 0.002718707482993], "8": [0.460670408163266, 0.2041353741496607, 0.0668619047619049, 0.0614758503401357, 0.0170653061224485], "9": [0.3637996598639463, 0.1372023809523808, 0.0723166666666659, 0.0241377551020402, 0.0270918367346942]}}, "all": {"eer": {"0": [7.725333333333332, 2.7129251700680257, 1.4775510204081632, 1.0176870748299316, 0.6493333333333333], "1": [8.512, 3.8866666666666663, 1.823129251700684, 1.5573333333333332, 0.5933333333333333], "2": [9.652, 3.9066666666666663, 1.5973333333333333, 0.4979591836734687, 0.3619047619047633], "3": [8.265333333333333, 3.264, 0.7646258503401393, 0.9877551020408216, 0.36], "4": [9.014965986394564, 3.788, 2.236734693877551, 1.03673469387755, 0.996], "5": [7.219047619047614, 2.522666666666667, 0.792, 0.7813333333333333, 0.2893333333333333], "6": [7.257333333333333, 2.0326530612244875, 1.5374149659863945, 0.6213333333333334, 0.188], "7": [8.114285714285717, 2.564, 0.9346666666666666, 0.2893333333333333, 0.052], "8": [8.6, 2.542666666666667, 1.132, 0.64, 0.2813333333333333], "9": [6.864000000000001, 2.4979591836734705, 1.1755102040816312, 0.5523809523809486, 0.308]}, "minDCF": {"0": [0.4461414965986396, 0.1765140136054428, 0.1159161904761894, 0.0688193197278905, 0.0409219047619042], "1": [0.5251368707482985, 0.2441349659863937, 0.1395102040816334, 0.0997480272108846, 0.0448644897959177], "2": [0.486376326530612, 0.2066266666666671, 0.0806549659863952, 0.0331989115646268, 0.0159219047619049], "3": [0.3863972789115644, 0.1716650340136045, 0.0433145578231295, 0.0483458503401365, 0.0147368707482996], "4": [0.5355387755102033, 0.3110903401360551, 0.198385034013605, 0.0881673469387751, 0.0890884353741489], "5": [0.4643164625850335, 0.1830604081632662, 0.0621254421768701, 0.0818005442176874, 0.0214813605442174], "6": [0.4579455782312919, 0.1352160544217691, 0.0904865306122451, 0.0390310204081638, 0.0186560544217695], "7": [0.3959322448979582, 0.1241619047619049, 0.0501912925170058, 0.0182160544217684, 0.0030729251700687], "8": [0.4552179591836739, 0.1811978231292525, 0.059334149659863, 0.0510459863945582, 0.0147951020408172], "9": [0.4290429931972779, 0.1713817687074821, 0.0661912925170058, 0.0331012244897961, 0.0231428571428578]}}}}