{"eval": {"female": {"eer": {"0": [5.953333333333333, 1.54, 0.4133333333333333, 0.0733333333333333, 0.1632653061224509], "1": [6.206666666666667, 2.6866666666666665, 2.273333333333333, 1.3133333333333337, 0.0544217687074799], "2": [6.78, 2.2066666666666666, 1.5333333333333332, 0.5733333333333334, 0.2], "3": [6.573333333333334, 1.7142857142857126, 1.1133333333333333, 0.2866666666666667, 0.0066666666666666], "4": [12.44897959183674, 7.88, 2.4761904761904763, 1.782312925170071, 1.1133333333333333], "5": [8.453333333333333, 4.258503401360548, 0.7210884353741509, 0.3333333333333333, 0.2333333333333333], "6": [3.809523809523807, 1.850340136054418, 0.2993197278911563, 0.1768707482993181, 0.0816326530612254], "7": [5.433333333333333, 2.0733333333333333, 0.3673469387755146, 0.0816326530612254, 0.0680272108843582], "8": [4.204081632653056, 2.0816326530612272, 0.3265306122449019, 0.1088435374149709, 0.0333333333333333], "9": [6.612244897959185, 2.4266666666666667, 1.224489795918371, 0.4761904761904745, 0.1496598639455837]}, "minDCF": {"0": [0.30839455782313, 0.1068857142857141, 0.0173115646258497, 0.0041659863945575, 0.0095564625850334], "1": [0.3628802721088434, 0.1586938775510211, 0.1300816326530619, 0.0547170068027201, 0.0035374149659863], "2": [0.3807183673469391, 0.1188775510204089, 0.0787564625850331, 0.0358380952380958, 0.0145904761904756], "3": [0.3329183673469388, 0.0696734693877558, 0.0376353741496595, 0.0113346938775508, 0.0005442176870748], "4": [0.6732571428571423, 0.4491306122448971, 0.1441319727891161, 0.1173102040816322, 0.0527931972789118], "5": [0.4790707482993195, 0.2141156462585041, 0.0325401360544207, 0.020661224489795, 0.013910204081632], "6": [0.2475170068027211, 0.0992108843537408, 0.016368707482993, 0.0120476190476183, 0.0045741496598636], "7": [0.3051768707483001, 0.0967428571428577, 0.0247333333333341, 0.0061646258503399, 0.0069809523809522], "8": [0.267602721088435, 0.0990231292516997, 0.0159605442176869, 0.0067931972789111, 0.0019047619047619], "9": [0.3321156462585041, 0.1364054421768703, 0.0573020408163255, 0.0276517006802715, 0.00811156462585]}}, "male": {"eer": {"0": [5.632653061224491, 2.035, 1.4115646258503367, 0.505, 0.0933333333333333], "1": [7.25170068027211, 2.812925170068026, 1.829931972789112, 0.8033333333333333, 0.6566666666666667], "2": [9.211666666666666, 3.556666666666667, 2.5442176870748345, 0.9033333333333334, 0.5306122448979544], "3": [6.845, 3.282312925170072, 1.9966666666666668, 0.5782312925170063, 0.3383333333333333], "4": [7.781666666666667, 2.380952380952384, 1.1816666666666666, 0.7585034013605441, 0.139455782312925], "5": [4.047619047619044, 1.61904761904762, 0.6233333333333333, 0.5238095238095264, 0.105], "6": [5.789115646258503, 1.9795918367346956, 0.9081632653061278, 0.32, 0.1632653061224509], "7": [7.343537414965984, 2.255, 1.5733333333333333, 0.666666666666671, 0.1366666666666666], "8": [8.046666666666667, 3.44, 1.7283333333333335, 0.94, 0.5033333333333333], "9": [6.465, 2.9251700680272164, 0.9081632653061278, 0.3537414965986363, 0.4591836734693877]}, "minDCF": {"0": [0.341995918367346, 0.102891496598639, 0.1069704081632659, 0.0186721088435368, 0.0041108843537412], "1": [0.4680948979591834, 0.2015979591836728, 0.1403037414965978, 0.0860469387755096, 0.0513517006802723], "2": [0.4789197278911564, 0.1981037414965988, 0.1276894557823137, 0.0651421768707476, 0.0421598639455786], "3": [0.3643982993197279, 0.1721585034013611, 0.0981108843537413, 0.03201224489796, 0.020658843537414], "4": [0.4050751700680275, 0.132117687074829, 0.068808843537415, 0.0336309523809515, 0.0076459183673466], "5": [0.2444931972789105, 0.0845591836734685, 0.0336027210884363, 0.0334748299319736, 0.0058455782312923], "6": [0.3867683673469386, 0.1428465986394551, 0.0624306122448977, 0.0479993197278905, 0.0229598639455788], "7": [0.3767972789115638, 0.1036843537414961, 0.0861897959183674, 0.0309462585034005, 0.0069680272108841], "8": [0.4383520408163264, 0.1984071428571419, 0.1060673469387763, 0.0488571428571435, 0.0238680272108839], "9": [0.4124047619047616, 0.224327210884353, 0.0613350340136049, 0.021237074829931, 0.0445006802721084]}}, "all": {"eer": {"0": [6.927891156462584, 2.492517006802719, 1.4421768707483018, 0.5346666666666666, 0.1442176870748324], "1": [7.301333333333333, 3.730666666666667, 2.313333333333333, 1.216326530612244, 0.688], "2": [8.661333333333333, 3.221768707482997, 2.3306666666666667, 0.805442176870752, 0.4707482993197232], "3": [7.1374149659864, 3.205442176870743, 2.193197278911563, 0.6938775510204054, 0.3537414965986363], "4": [8.572000000000001, 3.3795918367346967, 1.9026666666666667, 1.0176870748299316, 0.3813333333333333], "5": [5.254666666666666, 2.517006802721089, 0.964, 0.6786666666666666, 0.6693877551020355], "6": [5.455782312925173, 1.9573333333333336, 0.8546666666666666, 0.3238095238095262, 0.1578231292516996], "7": [7.718666666666667, 2.2748299319727883, 1.3906666666666667, 0.5680000000000001, 0.1333333333333333], "8": [7.640816326530608, 3.360544217687078, 1.5026666666666668, 0.804, 0.4897959183673417], "9": [6.941496598639452, 3.251700680272107, 1.0802721088435383, 0.4586666666666666, 0.5251700680272142]}, "minDCF": {"0": [0.3847896598639458, 0.1147229931972795, 0.090381768707482, 0.0236076190476193, 0.0074791836734687], "1": [0.4650470748299313, 0.2532620408163274, 0.1838783673469393, 0.0952095238095239, 0.0422054421768713], "2": [0.4618691156462576, 0.1768013605442185, 0.1250544217687082, 0.0559945578231291, 0.0382974149659857], "3": [0.3812310204081636, 0.1560397278911556, 0.0997757823129241, 0.0386699319727889, 0.0193458503401351], "4": [0.5068117006802726, 0.2729246258503394, 0.1304541496598644, 0.0642731972789117, 0.0281760544217689], "5": [0.4087295238095235, 0.194671836734693, 0.0612225850340136, 0.0343322448979597, 0.046966530612245], "6": [0.3523814965986396, 0.1354595918367339, 0.0530165986394559, 0.0398857142857141, 0.0187760544217688], "7": [0.3841349659863938, 0.106739591836734, 0.0734272108843532, 0.0260780952380957, 0.0064704761904763], "8": [0.3949297959183671, 0.1761175510204088, 0.085309931972789, 0.0400990476190468, 0.0208949659863944], "9": [0.4052829931972793, 0.2375602721088436, 0.0784010884353737, 0.0339417687074831, 0.0388800000000007]}}}}