{"eval": {"female": {"eer": {"0": [6.713333333333334, 1.7278911564625798, 0.2993197278911563, 0.0952380952380926, 0.0544217687074799], "1": [8.526666666666667, 3.646258503401356, 1.850340136054418, 1.106666666666667, 0.5442176870748328], "2": [6.833333333333333, 2.530612244897956, 1.850340136054418, 0.5133333333333333, 0.1360544217687054], "3": [4.54, 1.3469387755102091, 0.50340136054422, 0.50340136054422, 0.0408163265306127], "4": [12.2, 5.034013605442178, 4.1000000000000005, 2.3673469387755053, 1.0748299319727872], "5": [8.58503401360544, 4.7, 1.4421768707483018, 0.5578231292517, 0.2040816326530636], "6": [4.5600000000000005, 2.4533333333333336, 0.2448979591836764, 0.1, 0.3399999999999999], "7": [4.095238095238097, 1.6462585034013657, 0.3265306122449019, 0.3, 0.0136054421768672], "8": [4.068027210884351, 1.0933333333333333, 0.22, 0.24, 0.0952380952380926], "9": [6.526666666666666, 1.6870748299319782, 0.98, 0.4599999999999999, 0.1933333333333333]}, "minDCF": {"0": [0.3858517006802727, 0.1171891156462586, 0.016589115646258, 0.0035374149659863, 0.0058408163265301], "1": [0.415047619047619, 0.1925292517006811, 0.1013265306122456, 0.0606190476190469, 0.0189959183673466], "2": [0.3013619047619054, 0.1377605442176865, 0.1125061224489793, 0.0154163265306121, 0.0102789115646251], "3": [0.2430517006802731, 0.0491387755102031, 0.0248693877551028, 0.0178136054421764, 0.0016326530612244], "4": [0.6566408163265314, 0.2919034013605437, 0.2427891156462578, 0.2585564625850349, 0.0596897959183677], "5": [0.4406068027210876, 0.2349265306122454, 0.061247619047618, 0.025798639455782, 0.00811156462585], "6": [0.2627551020408164, 0.1471197278911568, 0.018127891156462, 0.0071591836734691, 0.0133238095238091], "7": [0.2476585034013607, 0.0974653061224494, 0.0341115646258507, 0.0184326530612254, 0.0001360544217687], "8": [0.2537619047619041, 0.0756258503401353, 0.0129251700680272, 0.023185034013606, 0.0053482993197277], "9": [0.3385755102040812, 0.1281142857142859, 0.0554299319727896, 0.0255265306122446, 0.0067510204081629]}}, "male": {"eer": {"0": [6.461666666666667, 2.2278911564625803, 0.812925170068024, 0.6496598639455731, 0.15], "1": [6.704081632653058, 3.414965986394558, 2.425170068027216, 0.8401360544217695, 0.63], "2": [10.133333333333333, 2.9523809523809508, 2.493197278911563, 0.385, 0.3435374149659886], "3": [7.868333333333332, 3.159863945578234, 1.2176870748299318, 0.6666666666666667, 0.6133333333333334], "4": [6.941666666666666, 2.4566666666666666, 0.8133333333333332, 0.4049999999999999, 0.205], "5": [5.215, 1.5374149659863945, 0.3741496598639426, 0.345, 0.0374149659863931], "6": [4.47, 2.255102040816326, 1.61904761904762, 0.66, 0.3401360544217691], "7": [7.503401360544215, 2.425170068027216, 0.5066666666666666, 0.5616666666666666, 0.1496598639455837], "8": [7.225, 3.423333333333333, 1.5204081632653077, 0.363945578231295, 0.7183333333333333], "9": [7.4897959183673475, 2.5272108843537366, 1.6266666666666665, 0.7040816326530641, 0.49]}, "minDCF": {"0": [0.3633479591836731, 0.1258948979591843, 0.0404476190476199, 0.0323149659863936, 0.009671428571428], "1": [0.4286329931972786, 0.2774721088435372, 0.1878142857142853, 0.1027319727891159, 0.0532564625850342], "2": [0.5013680272108837, 0.1726156462585031, 0.1406557823129242, 0.025669387755101, 0.0194132653061215], "3": [0.4026693877551018, 0.1752057823129261, 0.0793506802721088, 0.0349833333333326, 0.0333588435374141], "4": [0.3791180272108845, 0.1380761904761903, 0.0440037414965993, 0.0246479591836729, 0.0106472789115641], "5": [0.3434261904761911, 0.1144880952380944, 0.0200244897959179, 0.029125850340135, 0.0014156462585033], "6": [0.2913653061224492, 0.1537204081632647, 0.1072527210884349, 0.0406469387755108, 0.0240812925170057], "7": [0.4136897959183672, 0.1374275510204079, 0.0366003401360546, 0.0262465986394552, 0.0112489795918363], "8": [0.3861023809523806, 0.2083445578231292, 0.090401360544217, 0.0149482993197276, 0.0252238095238088], "9": [0.5001697278911555, 0.1683741496598647, 0.1194721088435378, 0.0507231292517011, 0.0379445578231297]}}, "all": {"eer": {"0": [7.140136054421764, 2.409333333333333, 0.8299319727891108, 0.5746666666666667, 0.256], "1": [7.406802721088434, 3.8346666666666662, 3.5186666666666664, 1.1906666666666663, 0.992], "2": [9.58639455782313, 2.796, 2.3306666666666667, 0.3973333333333333, 0.3], "3": [7.466666666666668, 2.869333333333333, 1.137414965986394, 0.7265306122449022, 0.588], "4": [8.065333333333333, 2.966666666666667, 1.6386666666666667, 1.0938775510204055, 0.5795918367346942], "5": [6.6639455782312895, 2.302666666666666, 1.1506666666666667, 0.712, 0.1061224489795953], "6": [4.64489795918367, 2.308, 1.3823129251700703, 0.628, 0.3346666666666666], "7": [7.2026666666666666, 2.400000000000002, 0.496, 0.6476190476190524, 0.1533333333333333], "8": [7.254666666666666, 3.3088435374149627, 1.3795918367346949, 0.3591836734693876, 0.666666666666671], "9": [7.219047619047614, 2.558666666666667, 1.7877551020408111, 0.752, 0.58]}, "minDCF": {"0": [0.4078285714285716, 0.1511434013605443, 0.0450429931972785, 0.0302816326530602, 0.0174165986394567], "1": [0.5221741496598643, 0.2678473469387761, 0.2430291156462584, 0.1041733333333331, 0.0571855782312924], "2": [0.455880544217688, 0.1592193197278914, 0.1416163265306125, 0.0224421768707476, 0.0171529251700685], "3": [0.3720478911564623, 0.1466887074829928, 0.0682865306122439, 0.0338182312925176, 0.027484625850341], "4": [0.5345564625850335, 0.1865945578231283, 0.1558236734693878, 0.1186525170068034, 0.0441983673469396], "5": [0.4636892517006794, 0.1724571428571435, 0.0873787755102044, 0.0471540136054421, 0.007451972789115], "6": [0.2884585034013596, 0.1484089795918358, 0.0872462585034019, 0.0370644897959181, 0.022015238095239], "7": [0.3754008163265299, 0.1310731972789113, 0.0354157823129242, 0.0341191836734688, 0.0097902040816328], "8": [0.3644674829931967, 0.1887270748299315, 0.0758669387755096, 0.0155194557823129, 0.0237126530612242], "9": [0.464935238095238, 0.1626068027210876, 0.1191670748299318, 0.0497942857142861, 0.0384119727891148]}}}}