{"eval": {"female": {"eer": {"0": [7.25170068027211, 1.3333333333333337, 0.1904761904761853, 0.3, 0.0066666666666666], "1": [8.559999999999999, 2.73469387755102, 2.013333333333333, 0.5933333333333333, 0.1632653061224509], "2": [4.453333333333333, 2.625850340136049, 1.2933333333333332, 0.2857142857142891, 0.5866666666666667], "3": [5.093333333333333, 1.17006802721088, 0.3466666666666667, 0.0816326530612254, 0.0], "4": [11.42, 7.2266666666666675, 4.244897959183669, 1.823129251700684, 1.3197278911564636], "5": [8.766666666666667, 3.687074829931969, 2.299319727891158, 0.6, 0.26], "6": [4.193333333333333, 1.5266666666666666, 0.1632653061224509, 0.0933333333333333, 0.1224489795918382], "7": [4.149659863945576, 3.0068027210884307, 0.6258503401360582, 0.08, 0.0544217687074799], "8": [4.993197278911565, 1.0466666666666669, 0.1904761904761853, 0.1933333333333333, 0.0866666666666666], "9": [6.553333333333333, 1.0748299319727872, 0.7666666666666666, 0.4625850340136073, 0.1360544217687054]}, "minDCF": {"0": [0.4459129251700672, 0.085891156462585, 0.0134081632653054, 0.0100680272108843, 0.0012666666666665], "1": [0.3913972789115637, 0.1748897959183682, 0.1167714285714283, 0.0285197278911561, 0.0080693877551019], "2": [0.2285319727891162, 0.1666789115646267, 0.0704707482993196, 0.015082993197278, 0.029870748299319], "3": [0.272439455782314, 0.0570299319727881, 0.0120993197278907, 0.001360544217687, 0.0], "4": [0.673478911564625, 0.3832666666666673, 0.2590408163265306, 0.151055782312925, 0.0625374149659864], "5": [0.4379551020408168, 0.1381414965986396, 0.1129659863945578, 0.0334408163265314, 0.0127795918367342], "6": [0.2372571428571424, 0.0662204081632657, 0.0195727891156454, 0.0110013605442168, 0.0061646258503399], "7": [0.2829469387755108, 0.1282612244897963, 0.0380244897959193, 0.0034013605442176, 0.0045741496598636], "8": [0.2629387755102041, 0.0669619047619037, 0.0175224489795926, 0.0131877551020403, 0.0046680272108842], "9": [0.3348408163265295, 0.0750965986394556, 0.045131972789116, 0.0210789115646254, 0.0086040816326525]}}, "male": {"eer": {"0": [5.5616666666666665, 2.5866666666666664, 1.76, 0.4761904761904745, 0.5133333333333333], "1": [7.175, 3.4166666666666665, 1.6566666666666667, 0.9266666666666666, 0.527210884353746], "2": [10.43, 4.1033333333333335, 1.3911564625850303, 0.3883333333333333, 0.505], "3": [8.03741496598639, 3.118333333333333, 0.6733333333333333, 0.6066666666666667, 0.4183333333333333], "4": [6.921666666666666, 2.136054421768707, 0.8877551020408214, 0.52, 0.4693877551020353], "5": [5.353741496598641, 1.540816326530614, 0.9016666666666666, 0.1966666666666666, 0.0933333333333333], "6": [4.966666666666667, 2.5983333333333336, 1.3027210884353768, 0.3843537414966014, 0.1802721088435377], "7": [6.714285714285717, 2.278911564625852, 1.0699999999999998, 0.365, 0.0680272108843582], "8": [6.5, 2.66, 1.261904761904764, 0.6366666666666666, 0.4421768707483009], "9": [5.69387755102041, 3.0616666666666665, 1.6938775510204065, 0.66, 0.4083333333333332]}, "minDCF": {"0": [0.3707431972789125, 0.1916221088435367, 0.0923462585034014, 0.02311156462585, 0.0209323129251696], "1": [0.4266802721088429, 0.2462952380952371, 0.1235425170068033, 0.0726238095238104, 0.0418336734693877], "2": [0.4736435374149656, 0.221956802721089, 0.0822204081632643, 0.0256013605442167, 0.0303139455782322], "3": [0.3907663265306114, 0.1603996598639454, 0.0526346938775508, 0.0362462585034019, 0.0287200680272099], "4": [0.3330931972789125, 0.1132853741496588, 0.0493061224489796, 0.0321636054421778, 0.019459183673469], "5": [0.302046938775511, 0.0876945578231292, 0.0479761904761908, 0.0121251700680269, 0.0050891156462584], "6": [0.3262942176870751, 0.1881928571428572, 0.0985527210884362, 0.0451619047619056, 0.0128170068027203], "7": [0.3302346938775514, 0.0985190476190474, 0.065045918367346, 0.0317880952380957, 0.0032653061224489], "8": [0.3597649659863947, 0.1437482993197279, 0.0646931972789116, 0.0377091836734688, 0.0363333333333326], "9": [0.3777527210884353, 0.2049710884353747, 0.1258901360544222, 0.0513996598639454, 0.0218540816326523]}}, "all": {"eer": {"0": [6.738666666666666, 2.9293333333333336, 2.068027210884349, 0.6066666666666667, 0.5442176870748328], "1": [7.722448979591833, 4.097333333333333, 2.100680272108846, 1.08571428571429, 0.6557823129251683], "2": [9.3687074829932, 3.7605442176870794, 1.4506666666666663, 0.3573333333333333, 0.5006802721088444], "3": [7.745333333333333, 3.058503401360546, 0.6733333333333333, 0.54, 0.3506666666666667], "4": [7.570068027210885, 3.3278911564625813, 1.7933333333333332, 0.8146666666666667, 0.6813333333333333], "5": [6.664000000000001, 2.5061224489795864, 1.5706666666666669, 0.7129251700680239, 0.4435374149659887], "6": [5.102040816326525, 2.566666666666667, 1.056, 0.3292517006802775, 0.1496598639455837], "7": [7.281632653061221, 2.8946666666666667, 1.0746666666666669, 0.3426666666666667, 0.088], "8": [6.717333333333333, 2.812, 1.145333333333333, 0.604081632653064, 0.372], "9": [6.036, 3.128, 1.7061224489795968, 0.897959183673469, 0.4306666666666667]}, "minDCF": {"0": [0.4476497959183683, 0.1952125170068023, 0.1080666666666661, 0.0343717006802727, 0.0205741496598636], "1": [0.4713224489795923, 0.2870892517006794, 0.1545790476190467, 0.0717570068027217, 0.037354557823129], "2": [0.4178108843537413, 0.2060606802721088, 0.0804533333333326, 0.0232228571428568, 0.0297627210884351], "3": [0.3739189115646253, 0.1432862585034021, 0.0448318367346938, 0.0302008163265301, 0.02274993197279], "4": [0.4649219047619043, 0.2395948299319723, 0.1561586394557819, 0.0811689795918373, 0.0371714285714291], "5": [0.4396130612244889, 0.1919564625850336, 0.1131640816326521, 0.0591668027210886, 0.0296078911564619], "6": [0.3152835374149663, 0.1623512925170068, 0.0801594557823137, 0.0381121088435379, 0.010860680272109], "7": [0.3709344217687083, 0.1513444897959177, 0.071437823129251, 0.0263537414965993, 0.0046783673469395], "8": [0.3438457142857139, 0.1662557823129262, 0.0542522448979585, 0.0320786394557822, 0.0299278911564616], "9": [0.3800859863945578, 0.1837776870748296, 0.1144579591836724, 0.0581376870748295, 0.0239951020408169]}}}}