{"female": {"eer": 4.966666666666667, "minDCF": 0.30798503401360633}, "male": {"eer": 4.125850340136051, "minDCF": 0.22491360544217742}, "all": {"eer": 3.5265306122448936, "minDCF": 0.19781659863945622}}