{"female": [0.4717734456062317, 0.5525607466697693], "male": [0.4173036813735962, 0.5421538352966309], "all": [0.4134814441204071, 0.530732274055481]}