{"female": {"eer": 11.210884353741502, "minDCF": 0.872130612244898}, "male": {"eer": 13.584999999999999, "minDCF": 0.8943925170068031}, "all": {"eer": 13.154666666666667, "minDCF": 0.890038639455782}}