{"female": [0.7022144198417664, 0.8076562881469727], "male": [0.6701464653015137, 0.8010824918746948], "all": [0.676600992679596, 0.802509069442749]}