{"female": {"eer": 0.0, "minDCF": 0.0}, "male": {"eer": 0.0, "minDCF": 0.0}, "all": {"eer": 0.0026666666666666666, "minDCF": 8.163265306122449e-05}}