{"female": [0.790837287902832, 0.6954261064529419], "male": [0.708996057510376, 0.6889437437057495], "all": [0.708996057510376, 0.7153275012969971]}