{"female": {"eer": 0.2721088435374108, "minDCF": 0.007525170068027071}, "male": {"eer": 0.3, "minDCF": 0.017759523809523007}, "all": {"eer": 0.25034013605441663, "minDCF": 0.01921251700680368}}