{"female": [0.6117836833000183, 0.6410990953445435], "male": [0.53110671043396, 0.5864108800888062], "all": [0.5352389812469482, 0.6020074486732483]}