{"female": {"eer": 11.66, "minDCF": 0.822853061224489}, "male": {"eer": 12.925170068027214, "minDCF": 0.8906071428571424}, "all": {"eer": 12.778231292517006, "minDCF": 0.868751564625851}}