{"female": [0.6891468167304993, 0.7964752316474915], "male": [0.66077721118927, 0.7915921211242676], "all": [0.6654340028762817, 0.8013149499893188]}