{"female": {"eer": 2.9251700680272164, "minDCF": 0.17672380952380928}, "male": {"eer": 2.075, "minDCF": 0.13412142857142906}, "all": {"eer": 1.8426666666666667, "minDCF": 0.13013877551020384}}