{"female": [0.502538800239563, 0.5907934904098511], "male": [0.41630521416664124, 0.5138082504272461], "all": [0.4194219708442688, 0.5159640312194824]}