{"female": {"eer": 1.6466666666666667, "minDCF": 0.10723265306122368}, "male": {"eer": 1.5374149659863945, "minDCF": 0.08129523809523782}, "all": {"eer": 1.248, "minDCF": 0.07311863945578173}}