{"female": [0.6802043318748474, 0.7390695810317993], "male": [0.5889341831207275, 0.6825668811798096], "all": [0.5882151126861572, 0.6845376491546631]}