{"female": {"eer": 0.06, "minDCF": 0.0019047619047619048}, "male": {"eer": 0.139455782312925, "minDCF": 0.007648299319727681}, "all": {"eer": 0.1578231292516996, "minDCF": 0.010215238095237365}}