{"female": [0.7741442918777466, 0.7924208641052246], "male": [0.7011460065841675, 0.7404364347457886], "all": [0.7097690105438232, 0.7589865922927856]}