{"female": {"eer": 0.6802721088435382, "minDCF": 0.024888435374149236}, "male": {"eer": 0.40476190476190776, "minDCF": 0.022121428571427626}, "all": {"eer": 0.40000000000000036, "minDCF": 0.025694149659864347}}