{"female": [0.7391576766967773, 0.7828730940818787], "male": [0.6612287759780884, 0.7171248197555542], "all": [0.6686773300170898, 0.7251951098442078]}