{"female": {"eer": 6.1, "minDCF": 0.3141224489795912}, "male": {"eer": 3.0714285714285694, "minDCF": 0.17521360544217662}, "all": {"eer": 2.8761904761904766, "minDCF": 0.17161523809523827}}