{"female": [0.4759153127670288, 0.5935899019241333], "male": [0.45792776346206665, 0.547868013381958], "all": [0.446272075176239, 0.5478253364562988]}