{"female": {"eer": 10.993333333333332, "minDCF": 0.8618979591836731}, "male": {"eer": 11.778333333333334, "minDCF": 0.8451789115646265}, "all": {"eer": 11.583673469387756, "minDCF": 0.8411594557823132}}