{"female": [0.7070378065109253, 0.7993367910385132], "male": [0.6773065328598022, 0.8032854795455933], "all": [0.6835232973098755, 0.8081673383712769]}