{"female": {"eer": 5.57823129251701, "minDCF": 0.3154693877551028}, "male": {"eer": 3.601666666666667, "minDCF": 0.19838401360544225}, "all": {"eer": 3.253333333333333, "minDCF": 0.19796462585034036}}