{"female": [0.5603023767471313, 0.6534749269485474], "male": [0.45412373542785645, 0.5617867708206177], "all": [0.45970237255096436, 0.5734402537345886]}