{"female": {"eer": 0.02666666666666667, "minDCF": 0.00013605442176870748}, "male": {"eer": 0.11, "minDCF": 0.0052122448979590435}, "all": {"eer": 0.09466666666666666, "minDCF": 0.0050827210884355455}}