{"female": [0.7112138271331787, 0.7238790988922119], "male": [0.6286289095878601, 0.6791741251945496], "all": [0.6359771490097046, 0.6735917925834656]}