{"female": {"eer": 11.799999999999999, "minDCF": 0.8522938775510197}, "male": {"eer": 12.646666666666667, "minDCF": 0.8695894557823128}, "all": {"eer": 12.446666666666667, "minDCF": 0.8599164625850334}}