{"female": [0.6804686188697815, 0.8012460470199585], "male": [0.661858320236206, 0.7966628074645996], "all": [0.6650629043579102, 0.79435133934021]}