{"female": {"eer": 0.6530612244897926, "minDCF": 0.0487537414965988}, "male": {"eer": 0.98, "minDCF": 0.0523523809523818}, "all": {"eer": 0.8573333333333334, "minDCF": 0.04665034013605541}}