{"female": [0.6456677317619324, 0.687339723110199], "male": [0.5277090072631836, 0.6248024702072144], "all": [0.5360262393951416, 0.6298816204071045]}