{"female": {"eer": 0.9666666666666667, "minDCF": 0.05050884353741441}, "male": {"eer": 1.0083333333333333, "minDCF": 0.06215374149659823}, "all": {"eer": 0.8493333333333334, "minDCF": 0.05646176870748394}}