{"female": [0.5810647010803223, 0.6478776931762695], "male": [0.530518114566803, 0.6112532615661621], "all": [0.5302852392196655, 0.6097947955131531]}