{"female": {"eer": 0.0, "minDCF": 0.0}, "male": {"eer": 0.02, "minDCF": 0.0004421768707482993}, "all": {"eer": 0.014666666666666666, "minDCF": 0.0009148299319718895}}