{"female": [0.7213732004165649, 0.7073941230773926], "male": [0.6282229423522949, 0.6570683717727661], "all": [0.637891411781311, 0.66679847240448]}