{"female": {"eer": 0.9400000000000001, "minDCF": 0.06416054421768667}, "male": {"eer": 1.5066666666666668, "minDCF": 0.07642653061224443}, "all": {"eer": 1.2386666666666668, "minDCF": 0.06551918367346973}}