{"female": [0.6392495632171631, 0.6932814717292786], "male": [0.568009614944458, 0.658509373664856], "all": [0.5683028697967529, 0.6523213386535645]}