{"female": {"eer": 0.01360544217686721, "minDCF": 0.00027210884353741496}, "male": {"eer": 0.06833333333333333, "minDCF": 0.0037836734693876156}, "all": {"eer": 0.06533333333333334, "minDCF": 0.004069387755101901}}