{"female": [0.6895201206207275, 0.7033421397209167], "male": [0.5956069827079773, 0.6352148056030273], "all": [0.6035913228988647, 0.6442657709121704]}