{"female": {"eer": 0.23333333333333336, "minDCF": 0.014590476190475633}, "male": {"eer": 0.22666666666666668, "minDCF": 0.015081972789115262}, "all": {"eer": 0.18666666666666668, "minDCF": 0.012252244897959976}}