{"female": [0.6196820735931396, 0.6609036922454834], "male": [0.5736098885536194, 0.6354146003723145], "all": [0.5736076831817627, 0.6265137195587158]}