{"eval": {"female": {"eer": {"0": [], "1": [], "2": [], "3": [], "4": [], "5": [], "6": [], "7": [], "8": [], "9": []}, "minDCF": {"0": [], "1": [], "2": [], "3": [], "4": [], "5": [], "6": [], "7": [], "8": [], "9": []}}, "male": {"eer": {"0": [12.865497076023392, 5.555555555555555, 4.444444444444439, 1.9444444444444444, 2.777777777777779], "1": [3.055555555555556, 5.000000000000004, 5.833333333333333, 1.9444444444444444, 6.666666666666667], "2": [10.0, 7.777777777777772, 7.777777777777772, 8.61111111111111, 5.000000000000004], "3": [23.05555555555556, 5.833333333333333, 13.88888888888889, 8.333333333333337, 7.222222222222221], "4": [13.33333333333333, 6.666666666666665, 3.8011695906432745, 3.333333333333333, 2.7777777777777777], "5": [17.777777777777782, 9.166666666666666, 8.888888888888891, 7.222222222222219, 9.444444444444445], "6": [17.5, 15.555555555555555, 3.888888888888889, 2.777777777777779, 1.9444444444444444], "7": [9.444444444444445, 3.333333333333333, 4.444444444444439, 3.508771929824561, 2.222222222222225], "8": [19.444444444444446, 10.555555555555555, 5.0, 7.361963190184051, 8.88888888888889], "9": [11.111111111111116, 7.222222222222221, 4.444444444444445, 3.888888888888889, 8.51063829787234]}, "minDCF": {"0": [0.456140350877193, 0.3249999999999994, 0.2499999999999995, 0.147222222222222, 0.1611111111111107], "1": [0.1861111111111109, 0.2444444444444444, 0.15, 0.1388888888888889, 0.1555555555555555], "2": [0.3277777777777774, 0.3527777777777775, 0.2249999999999998, 0.3416666666666664, 0.1555555555555555], "3": [0.4777777777777778, 0.2666666666666666, 0.3722222222222222, 0.3638888888888887, 0.2666666666666663], "4": [0.4055555555555551, 0.2055555555555555, 0.1345029239766081, 0.1444444444444444, 0.2916666666666664], "5": [0.7305555555555554, 0.3222222222222222, 0.3111111111111107, 0.2055555555555555, 0.4333333333333325], "6": [0.4999999999999996, 0.3861111111111108, 0.3694444444444434, 0.2083333333333327, 0.2611111111111103], "7": [0.3611111111111107, 0.2249999999999998, 0.3833333333333333, 0.2807017543859659, 0.1944444444444444], "8": [0.5777777777777774, 0.3388888888888889, 0.2333333333333329, 0.2576687116564417, 0.3277777777777778], "9": [0.6111111111111107, 0.4305555555555553, 0.25, 0.1777777777777777, 0.3363363363363363]}}, "all": {"eer": {"0": [], "1": [], "2": [], "3": [], "4": [], "5": [], "6": [], "7": [], "8": [], "9": []}, "minDCF": {"0": [], "1": [], "2": [], "3": [], "4": [], "5": [], "6": [], "7": [], "8": [], "9": []}}}}