{"eval": {"female": {"eer": {"0": [], "1": [], "2": [], "3": [], "4": [], "5": [], "6": [], "7": [], "8": [], "9": []}, "minDCF": {"0": [], "1": [], "2": [], "3": [], "4": [], "5": [], "6": [], "7": [], "8": [], "9": []}}, "male": {"eer": {"0": [13.450292397660824, 6.944444444444445, 3.888888888888889, 2.777777777777779, 2.777777777777779], "1": [5.555555555555558, 3.888888888888886, 4.722222222222222, 1.6666666666666718, 4.444444444444439], "2": [14.444444444444448, 5.000000000000004, 6.111111111111112, 12.777777777777777, 3.888888888888889], "3": [15.000000000000002, 2.7777777777777777, 11.944444444444445, 8.888888888888891, 11.66666666666667], "4": [9.444444444444445, 6.666666666666665, 2.631578947368421, 2.222222222222225, 5.833333333333333], "5": [19.444444444444443, 12.222222222222223, 10.555555555555552, 5.000000000000004, 10.833333333333334], "6": [17.777777777777782, 17.5, 5.555555555555558, 1.6666666666666718, 2.7777777777777777], "7": [12.22222222222222, 6.111111111111112, 2.777777777777779, 2.631578947368421, 2.777777777777779], "8": [20.0, 10.0, 3.055555555555556, 4.294478527607362, 6.111111111111112], "9": [10.555555555555555, 6.666666666666667, 4.444444444444439, 8.888888888888891, 10.81081081081081]}, "minDCF": {"0": [0.5964912280701754, 0.2749999999999998, 0.244444444444444, 0.2361111111111105, 0.1527777777777776], "1": [0.344444444444444, 0.1694444444444442, 0.1583333333333331, 0.0888888888888888, 0.1111111111111111], "2": [0.5083333333333331, 0.3499999999999992, 0.2166666666666666, 0.3944444444444445, 0.1555555555555555], "3": [0.4055555555555555, 0.2166666666666662, 0.3999999999999996, 0.3111111111111107, 0.3], "4": [0.4583333333333327, 0.2277777777777777, 0.2046783625730994, 0.05, 0.5194444444444438], "5": [0.7555555555555555, 0.4166666666666667, 0.2833333333333333, 0.2027777777777775, 0.3666666666666666], "6": [0.5055555555555552, 0.3749999999999998, 0.4638888888888879, 0.2194444444444438, 0.2777777777777774], "7": [0.3333333333333333, 0.2305555555555553, 0.3499999999999999, 0.1695906432748548, 0.1], "8": [0.5388888888888889, 0.2833333333333333, 0.1722222222222218, 0.3036809815950916, 0.2277777777777777], "9": [0.4277777777777775, 0.3166666666666662, 0.3499999999999996, 0.2888888888888888, 0.3603603603603603]}}, "all": {"eer": {"0": [], "1": [], "2": [], "3": [], "4": [], "5": [], "6": [], "7": [], "8": [], "9": []}, "minDCF": {"0": [], "1": [], "2": [], "3": [], "4": [], "5": [], "6": [], "7": [], "8": [], "9": []}}}}