{"eval": {"female": {"eer": {"0": [], "1": [], "2": [], "3": [], "4": [], "5": [], "6": [], "7": [], "8": [], "9": []}, "minDCF": {"0": [], "1": [], "2": [], "3": [], "4": [], "5": [], "6": [], "7": [], "8": [], "9": []}}, "male": {"eer": {"0": [13.157894736842104, 7.222222222222221, 3.888888888888886, 1.9444444444444444, 3.333333333333333], "1": [3.888888888888889, 2.777777777777779, 4.444444444444439, 3.888888888888889, 4.444444444444445], "2": [7.222222222222221, 4.722222222222222, 6.111111111111112, 9.444444444444445, 6.111111111111112], "3": [22.77777777777777, 6.111111111111112, 13.33333333333333, 8.888888888888891, 8.888888888888891], "4": [13.888888888888884, 7.777777777777778, 2.3391812865497075, 2.5, 3.333333333333333], "5": [18.055555555555557, 9.444444444444445, 12.222222222222223, 5.000000000000004, 11.111111111111116], "6": [11.111111111111116, 19.72222222222222, 5.000000000000004, 2.777777777777779, 2.777777777777779], "7": [11.111111111111116, 4.444444444444439, 3.888888888888889, 3.508771929824561, 3.3333333333333326], "8": [12.777777777777777, 12.222222222222223, 3.888888888888889, 5.214723926380368, 7.222222222222219], "9": [8.333333333333337, 4.166666666666666, 3.333333333333333, 8.333333333333337, 12.012012012012008]}, "minDCF": {"0": [0.5087719298245614, 0.3194444444444442, 0.2777777777777774, 0.1638888888888887, 0.1777777777777774], "1": [0.1611111111111111, 0.1833333333333333, 0.1527777777777776, 0.15, 0.1], "2": [0.3361111111111104, 0.3361111111111109, 0.1777777777777777, 0.2916666666666664, 0.2555555555555555], "3": [0.4833333333333334, 0.2833333333333333, 0.3999999999999996, 0.3805555555555553, 0.3083333333333331], "4": [0.4166666666666667, 0.2722222222222222, 0.1549707602339176, 0.0777777777777777, 0.2666666666666666], "5": [0.8055555555555547, 0.3666666666666666, 0.3166666666666666, 0.1805555555555553, 0.5194444444444438], "6": [0.5499999999999996, 0.4444444444444444, 0.4027777777777775, 0.1527777777777776, 0.1333333333333333], "7": [0.3722222222222218, 0.2583333333333331, 0.4361111111111109, 0.2397660818713461, 0.1611111111111111], "8": [0.5, 0.3555555555555555, 0.0944444444444444, 0.2331288343558282, 0.25], "9": [0.4833333333333329, 0.3361111111111104, 0.1833333333333333, 0.2555555555555555, 0.4504504504504504]}}, "all": {"eer": {"0": [], "1": [], "2": [], "3": [], "4": [], "5": [], "6": [], "7": [], "8": [], "9": []}, "minDCF": {"0": [], "1": [], "2": [], "3": [], "4": [], "5": [], "6": [], "7": [], "8": [], "9": []}}}}