{"eval": {"female": {"eer": {"0": [], "1": [], "2": [], "3": [], "4": [], "5": [], "6": [], "7": [], "8": [], "9": []}, "minDCF": {"0": [], "1": [], "2": [], "3": [], "4": [], "5": [], "6": [], "7": [], "8": [], "9": []}}, "male": {"eer": {"0": [15.789473684210526, 10.555555555555555, 9.444444444444445, 10.555555555555552, 6.111111111111111], "1": [9.999999999999998, 10.555555555555552, 6.666666666666665, 8.61111111111111, 7.222222222222219], "2": [8.888888888888891, 8.61111111111111, 11.66666666666667, 14.444444444444448, 9.722222222222223], "3": [7.777777777777772, 3.888888888888886, 7.777777777777778, 15.555555555555555, 9.999999999999998], "4": [14.444444444444448, 6.111111111111112, 3.216374269005848, 6.666666666666665, 2.777777777777779], "5": [18.88888888888889, 10.0, 7.777777777777778, 5.555555555555558, 8.888888888888891], "6": [19.444444444444443, 16.944444444444446, 5.277777777777778, 3.055555555555556, 3.888888888888886], "7": [8.61111111111111, 5.000000000000004, 4.444444444444445, 7.894736842105263, 5.000000000000004], "8": [15.000000000000002, 13.33333333333333, 8.888888888888891, 9.8159509202454, 7.222222222222219], "9": [11.111111111111116, 7.777777777777772, 9.166666666666666, 12.222222222222223, 13.069908814589663]}, "minDCF": {"0": [0.584795321637428, 0.4611111111111107, 0.4222222222222222, 0.4777777777777778, 0.2194444444444442], "1": [0.3416666666666664, 0.2611111111111111, 0.2583333333333331, 0.2833333333333333, 0.1944444444444444], "2": [0.3638888888888883, 0.3694444444444442, 0.2722222222222222, 0.4749999999999997, 0.3611111111111111], "3": [0.2444444444444444, 0.2972222222222216, 0.3138888888888886, 0.4749999999999997, 0.3277777777777778], "4": [0.45, 0.2999999999999996, 0.0760233918128654, 0.1444444444444444, 0.2055555555555555], "5": [0.6972222222222221, 0.4666666666666667, 0.3999999999999996, 0.25, 0.5249999999999994], "6": [0.647222222222222, 0.6222222222222222, 0.5944444444444441, 0.3138888888888883, 0.3388888888888881], "7": [0.5583333333333331, 0.3972222222222216, 0.3305555555555554, 0.3888888888888883, 0.3111111111111111], "8": [0.7722222222222215, 0.3388888888888889, 0.1888888888888888, 0.3374233128834356, 0.3361111111111104], "9": [0.4333333333333333, 0.4916666666666665, 0.3416666666666664, 0.3444444444444444, 0.3123123123123123]}}, "all": {"eer": {"0": [], "1": [], "2": [], "3": [], "4": [], "5": [], "6": [], "7": [], "8": [], "9": []}, "minDCF": {"0": [], "1": [], "2": [], "3": [], "4": [], "5": [], "6": [], "7": [], "8": [], "9": []}}}}