{"eval": {"female": {"eer": {"0": [], "1": [], "2": [], "3": [], "4": [], "5": [], "6": [], "7": [], "8": [], "9": []}, "minDCF": {"0": [], "1": [], "2": [], "3": [], "4": [], "5": [], "6": [], "7": [], "8": [], "9": []}}, "male": {"eer": {"0": [10.526315789473683, 4.722222222222222, 5.277777777777778, 3.055555555555556, 3.3333333333333326], "1": [4.444444444444439, 0.5555555555555556, 3.055555555555556, 3.888888888888889, 0.2777777777777778], "2": [4.722222222222222, 4.444444444444445, 0.0, 5.833333333333333, 2.2222222222222223], "3": [11.66666666666667, 5.555555555555558, 2.5, 6.666666666666665, 7.222222222222221], "4": [12.777777777777777, 6.666666666666667, 4.970760233918129, 1.6666666666666718, 4.444444444444445], "5": [14.444444444444445, 3.3333333333333326, 3.055555555555556, 1.1111111111111072, 7.777777777777778], "6": [7.777777777777778, 11.66666666666667, 5.555555555555558, 4.166666666666666, 1.6666666666666718], "7": [6.111111111111112, 3.3333333333333326, 1.9444444444444444, 0.5847953216374269, 1.3888888888888888], "8": [11.38888888888889, 9.166666666666666, 0.5555555555555556, 1.5337423312883436, 2.2222222222222223], "9": [5.555555555555558, 5.277777777777778, 1.6666666666666718, 2.5, 1.5197568389057752]}, "minDCF": {"0": [0.3245614035087714, 0.297222222222222, 0.2611111111111111, 0.3055555555555552, 0.1749999999999998], "1": [0.2027777777777775, 0.05, 0.0944444444444444, 0.0722222222222222, 0.0111111111111111], "2": [0.1805555555555553, 0.3777777777777773, 0.0, 0.3805555555555553, 0.1694444444444442], "3": [0.4444444444444444, 0.2222222222222222, 0.1055555555555555, 0.2583333333333331, 0.3499999999999996], "4": [0.3444444444444444, 0.3277777777777778, 0.2368421052631573, 0.1499999999999996, 0.5611111111111108], "5": [0.5194444444444443, 0.1166666666666666, 0.194444444444444, 0.1138888888888886, 0.2722222222222222], "6": [0.4638888888888887, 0.2777777777777778, 0.1666666666666666, 0.2027777777777775, 0.1861111111111109], "7": [0.3333333333333333, 0.1638888888888887, 0.1222222222222222, 0.0584795321637426, 0.0444444444444444], "8": [0.3722222222222222, 0.1944444444444444, 0.05, 0.0981595092024539, 0.2], "9": [0.1833333333333329, 0.2444444444444444, 0.0388888888888888, 0.1, 0.09009009009009]}}, "all": {"eer": {"0": [], "1": [], "2": [], "3": [], "4": [], "5": [], "6": [], "7": [], "8": [], "9": []}, "minDCF": {"0": [], "1": [], "2": [], "3": [], "4": [], "5": [], "6": [], "7": [], "8": [], "9": []}}}}