{"eval": {"female": {"eer": {"0": [], "1": [], "2": [], "3": [], "4": [], "5": [], "6": [], "7": [], "8": [], "9": []}, "minDCF": {"0": [], "1": [], "2": [], "3": [], "4": [], "5": [], "6": [], "7": [], "8": [], "9": []}}, "male": {"eer": {"0": [8.771929824561408, 6.111111111111112, 4.444444444444439, 3.3333333333333326, 2.222222222222225], "1": [3.333333333333333, 4.166666666666666, 1.3888888888888888, 2.222222222222225, 0.2777777777777778], "2": [2.777777777777779, 2.222222222222225, 0.0, 5.000000000000004, 2.5], "3": [13.333333333333334, 7.777777777777778, 12.22222222222222, 10.555555555555555, 6.388888888888888], "4": [10.555555555555552, 5.000000000000004, 5.555555555555555, 4.444444444444439, 4.444444444444445], "5": [12.222222222222223, 3.888888888888886, 3.611111111111111, 1.1111111111111112, 3.611111111111111], "6": [13.33333333333333, 6.111111111111112, 2.222222222222225, 2.222222222222225, 2.2222222222222223], "7": [5.000000000000004, 2.222222222222225, 2.777777777777779, 1.7543859649122862, 1.6666666666666718], "8": [7.222222222222219, 7.777777777777778, 3.055555555555556, 4.907975460122705, 7.222222222222219], "9": [6.666666666666665, 4.444444444444445, 1.9444444444444444, 0.5555555555555536, 1.82370820668693]}, "minDCF": {"0": [0.3888888888888894, 0.3, 0.2194444444444442, 0.15, 0.1722222222222222], "1": [0.2166666666666662, 0.1277777777777777, 0.0333333333333333, 0.1416666666666664, 0.0111111111111111], "2": [0.1166666666666666, 0.2472222222222216, 0.0, 0.3749999999999998, 0.2722222222222218], "3": [0.5249999999999994, 0.2777777777777774, 0.3805555555555553, 0.3722222222222222, 0.3083333333333331], "4": [0.2388888888888889, 0.1444444444444444, 0.1520467836257309, 0.2194444444444442, 0.344444444444444], "5": [0.3111111111111111, 0.2138888888888887, 0.280555555555555, 0.097222222222222, 0.3222222222222214], "6": [0.4666666666666663, 0.3277777777777778, 0.2277777777777773, 0.2388888888888881, 0.1999999999999996], "7": [0.3166666666666666, 0.1611111111111107, 0.2249999999999994, 0.1461988304093577, 0.0444444444444444], "8": [0.3555555555555555, 0.1555555555555555, 0.1611111111111111, 0.1779141104294478, 0.4000000000000001], "9": [0.2416666666666664, 0.1277777777777777, 0.1388888888888885, 0.0055555555555555, 0.0937867959144549]}}, "all": {"eer": {"0": [], "1": [], "2": [], "3": [], "4": [], "5": [], "6": [], "7": [], "8": [], "9": []}, "minDCF": {"0": [], "1": [], "2": [], "3": [], "4": [], "5": [], "6": [], "7": [], "8": [], "9": []}}}}