{"eval": {"female": {"eer": {"0": [], "1": [], "2": [], "3": [], "4": [], "5": [], "6": [], "7": [], "8": [], "9": []}, "minDCF": {"0": [], "1": [], "2": [], "3": [], "4": [], "5": [], "6": [], "7": [], "8": [], "9": []}}, "male": {"eer": {"0": [16.959064327485386, 10.555555555555555, 9.444444444444445, 6.111111111111112, 7.5], "1": [9.999999999999998, 13.055555555555555, 7.777777777777772, 7.5, 5.555555555555558], "2": [10.555555555555555, 7.222222222222221, 2.777777777777779, 10.555555555555552, 6.111111111111112], "3": [15.000000000000002, 6.388888888888888, 9.999999999999998, 12.5, 8.055555555555555], "4": [14.444444444444448, 4.444444444444439, 9.064327485380115, 3.888888888888886, 4.444444444444439], "5": [18.88888888888889, 15.0, 11.111111111111116, 3.888888888888886, 7.222222222222219], "6": [12.777777777777777, 18.055555555555557, 5.0, 7.777777777777772, 5.000000000000004], "7": [9.999999999999998, 6.666666666666665, 8.888888888888891, 9.941520467836265, 6.944444444444445], "8": [15.555555555555555, 8.61111111111111, 5.833333333333333, 6.441717791411043, 14.722222222222223], "9": [11.111111111111116, 11.66666666666667, 7.222222222222221, 13.33333333333333, 8.408408408408407]}, "minDCF": {"0": [0.5614035087719298, 0.5388888888888889, 0.5666666666666659, 0.4111111111111107, 0.2055555555555555], "1": [0.4111111111111111, 0.3722222222222218, 0.247222222222222, 0.2416666666666664, 0.15], "2": [0.5, 0.2749999999999998, 0.1888888888888888, 0.3638888888888887, 0.2694444444444442], "3": [0.5111111111111111, 0.3194444444444442, 0.3666666666666666, 0.3166666666666666, 0.3416666666666664], "4": [0.547222222222222, 0.1749999999999998, 0.2807017543859649, 0.2111111111111111, 0.3583333333333331], "5": [0.8611111111111112, 0.3166666666666666, 0.4000000000000001, 0.2416666666666664, 0.4861111111111102], "6": [0.6472222222222216, 0.4916666666666661, 0.3499999999999999, 0.3722222222222222, 0.2249999999999998], "7": [0.3361111111111109, 0.5111111111111107, 0.4222222222222222, 0.2923976608187134, 0.2666666666666666], "8": [0.5916666666666665, 0.2, 0.4555555555555555, 0.2883435582822086, 0.5222222222222223], "9": [0.6638888888888886, 0.6416666666666665, 0.4027777777777775, 0.4083333333333331, 0.3783783783783784]}}, "all": {"eer": {"0": [], "1": [], "2": [], "3": [], "4": [], "5": [], "6": [], "7": [], "8": [], "9": []}, "minDCF": {"0": [], "1": [], "2": [], "3": [], "4": [], "5": [], "6": [], "7": [], "8": [], "9": []}}}}