{"eval": {"female": {"eer": {"0": [], "1": [], "2": [], "3": [], "4": [], "5": [], "6": [], "7": [], "8": [], "9": []}, "minDCF": {"0": [], "1": [], "2": [], "3": [], "4": [], "5": [], "6": [], "7": [], "8": [], "9": []}}, "male": {"eer": {"0": [19.298245614035093, 7.222222222222219, 5.833333333333333, 7.777777777777772, 5.555555555555558], "1": [7.222222222222219, 9.444444444444445, 6.666666666666665, 12.5, 5.555555555555555], "2": [9.444444444444445, 13.888888888888884, 6.111111111111112, 12.777777777777777, 10.0], "3": [10.555555555555552, 5.555555555555558, 7.777777777777778, 13.33333333333333, 13.055555555555555], "4": [11.111111111111116, 2.777777777777779, 4.678362573099415, 2.222222222222225, 6.666666666666665], "5": [15.0, 12.5, 10.555555555555555, 5.555555555555555, 11.111111111111116], "6": [17.777777777777782, 10.555555555555552, 4.444444444444445, 5.555555555555555, 7.222222222222219], "7": [10.555555555555555, 9.166666666666666, 6.944444444444445, 9.064327485380115, 8.888888888888891], "8": [12.222222222222223, 13.888888888888884, 3.3333333333333326, 11.349693251533742, 5.555555555555558], "9": [11.111111111111116, 10.555555555555552, 5.555555555555558, 9.166666666666666, 8.408408408408407]}, "minDCF": {"0": [0.6725146198830408, 0.2666666666666666, 0.3416666666666664, 0.5, 0.247222222222222], "1": [0.4944444444444444, 0.3583333333333328, 0.297222222222222, 0.3666666666666666, 0.1722222222222222], "2": [0.3499999999999996, 0.4472222222222216, 0.4166666666666667, 0.4138888888888887, 0.4083333333333331], "3": [0.3805555555555553, 0.2833333333333329, 0.2555555555555555, 0.4111111111111111, 0.394444444444444], "4": [0.5611111111111108, 0.1805555555555553, 0.3918128654970759, 0.0833333333333333, 0.2777777777777778], "5": [0.6694444444444438, 0.4361111111111109, 0.3361111111111109, 0.3583333333333331, 0.5944444444444441], "6": [0.6388888888888885, 0.4194444444444442, 0.4166666666666658, 0.1833333333333333, 0.3638888888888887], "7": [0.3499999999999999, 0.4111111111111107, 0.3277777777777778, 0.2923976608187144, 0.4472222222222216], "8": [0.6916666666666663, 0.3222222222222222, 0.1194444444444442, 0.5306748466257666, 0.3583333333333331], "9": [0.5027777777777772, 0.6333333333333333, 0.3083333333333331, 0.4277777777777777, 0.3663663663663664]}}, "all": {"eer": {"0": [], "1": [], "2": [], "3": [], "4": [], "5": [], "6": [], "7": [], "8": [], "9": []}, "minDCF": {"0": [], "1": [], "2": [], "3": [], "4": [], "5": [], "6": [], "7": [], "8": [], "9": []}}}}