{"eval": {"female": {"eer": {"0": [], "1": [], "2": [], "3": [], "4": [], "5": [], "6": [], "7": [], "8": [], "9": []}, "minDCF": {"0": [], "1": [], "2": [], "3": [], "4": [], "5": [], "6": [], "7": [], "8": [], "9": []}}, "male": {"eer": {"0": [8.771929824561408, 4.444444444444439, 5.277777777777778, 3.333333333333333, 4.444444444444445], "1": [4.166666666666666, 2.5, 1.6666666666666718, 3.3333333333333326, 1.6666666666666718], "2": [6.111111111111112, 2.222222222222225, 1.1111111111111072, 7.777777777777778, 1.9444444444444444], "3": [12.777777777777777, 8.61111111111111, 8.61111111111111, 6.666666666666667, 9.444444444444445], "4": [12.222222222222223, 5.277777777777778, 3.508771929824561, 2.777777777777779, 5.000000000000004], "5": [10.555555555555555, 3.888888888888886, 3.611111111111111, 1.1111111111111112, 6.666666666666667], "6": [10.0, 7.777777777777772, 2.222222222222225, 5.555555555555558, 2.777777777777779], "7": [6.111111111111112, 1.6666666666666718, 2.777777777777779, 1.461988304093567, 2.7777777777777777], "8": [10.555555555555552, 3.888888888888889, 1.9444444444444444, 4.294478527607359, 2.7777777777777777], "9": [5.555555555555558, 2.7777777777777777, 0.5555555555555536, 5.000000000000004, 4.804804804804808]}, "minDCF": {"0": [0.3450292397660818, 0.2666666666666666, 0.1805555555555553, 0.3055555555555556, 0.2333333333333333], "1": [0.1388888888888889, 0.1111111111111111, 0.1111111111111111, 0.1222222222222222, 0.05], "2": [0.3055555555555556, 0.2638888888888883, 0.0166666666666666, 0.3361111111111109, 0.1638888888888887], "3": [0.4166666666666667, 0.3611111111111111, 0.1833333333333333, 0.2805555555555554, 0.4694444444444438], "4": [0.2916666666666664, 0.2583333333333331, 0.1228070175438596, 0.2249999999999998, 0.3666666666666658], "5": [0.3249999999999998, 0.2527777777777776, 0.2194444444444442, 0.0722222222222222, 0.3666666666666663], "6": [0.3305555555555554, 0.3722222222222222, 0.2916666666666657, 0.2027777777777775, 0.2333333333333329], "7": [0.2888888888888888, 0.1611111111111107, 0.2583333333333331, 0.1111111111111111, 0.0777777777777777], "8": [0.3527777777777775, 0.1861111111111109, 0.1666666666666662, 0.2085889570552147, 0.0944444444444444], "9": [0.1916666666666664, 0.294444444444444, 0.0055555555555555, 0.2388888888888889, 0.2476336518889699]}}, "all": {"eer": {"0": [], "1": [], "2": [], "3": [], "4": [], "5": [], "6": [], "7": [], "8": [], "9": []}, "minDCF": {"0": [], "1": [], "2": [], "3": [], "4": [], "5": [], "6": [], "7": [], "8": [], "9": []}}}}