{"eval": {"female": {"eer": {"0": [], "1": [], "2": [], "3": [], "4": [], "5": [], "6": [], "7": [], "8": [], "9": []}, "minDCF": {"0": [], "1": [], "2": [], "3": [], "4": [], "5": [], "6": [], "7": [], "8": [], "9": []}}, "male": {"eer": {"0": [15.497076023391813, 14.444444444444448, 5.277777777777778, 6.666666666666667, 9.999999999999998], "1": [3.3333333333333326, 6.666666666666667, 4.444444444444439, 10.0, 7.5], "2": [9.166666666666666, 8.333333333333337, 4.444444444444439, 10.0, 3.888888888888889], "3": [10.555555555555555, 6.388888888888888, 10.0, 15.555555555555555, 10.555555555555552], "4": [18.88888888888889, 3.333333333333333, 3.8011695906432745, 1.1111111111111112, 4.444444444444439], "5": [14.166666666666666, 9.444444444444445, 12.777777777777777, 2.777777777777779, 9.166666666666666], "6": [21.944444444444443, 14.444444444444448, 9.722222222222223, 7.777777777777772, 7.222222222222221], "7": [7.777777777777772, 6.111111111111112, 5.277777777777778, 7.017543859649122, 5.555555555555558], "8": [14.444444444444448, 12.222222222222223, 5.0, 7.361963190184051, 7.222222222222219], "9": [9.999999999999998, 10.555555555555552, 8.888888888888891, 11.666666666666666, 11.55015197568389]}, "minDCF": {"0": [0.6052631578947363, 0.5222222222222223, 0.2916666666666664, 0.3888888888888885, 0.4277777777777777], "1": [0.3388888888888884, 0.2111111111111111, 0.3111111111111111, 0.3722222222222222, 0.2638888888888887], "2": [0.4111111111111104, 0.5694444444444439, 0.297222222222222, 0.4055555555555555, 0.2416666666666664], "3": [0.4861111111111109, 0.3694444444444439, 0.5333333333333333, 0.4166666666666667, 0.3888888888888889], "4": [0.5166666666666667, 0.15, 0.2017543859649117, 0.0444444444444444, 0.2166666666666666], "5": [0.7083333333333331, 0.3277777777777778, 0.4805555555555553, 0.1999999999999996, 0.4722222222222215], "6": [0.7499999999999997, 0.6527777777777768, 0.4916666666666661, 0.5333333333333329, 0.3638888888888887], "7": [0.4722222222222222, 0.4305555555555553, 0.4611111111111107, 0.2485380116959059, 0.5055555555555555], "8": [0.6472222222222216, 0.4444444444444441, 0.3527777777777775, 0.4202453987730051, 0.3388888888888884], "9": [0.4944444444444444, 0.5138888888888883, 0.4222222222222219, 0.1777777777777777, 0.3783783783783784]}}, "all": {"eer": {"0": [], "1": [], "2": [], "3": [], "4": [], "5": [], "6": [], "7": [], "8": [], "9": []}, "minDCF": {"0": [], "1": [], "2": [], "3": [], "4": [], "5": [], "6": [], "7": [], "8": [], "9": []}}}}