{"eval": {"female": {"eer": {"0": [], "1": [], "2": [], "3": [], "4": [], "5": [], "6": [], "7": [], "8": [], "9": []}, "minDCF": {"0": [], "1": [], "2": [], "3": [], "4": [], "5": [], "6": [], "7": [], "8": [], "9": []}}, "male": {"eer": {"0": [16.666666666666664, 8.333333333333332, 7.222222222222219, 5.277777777777778, 5.555555555555558], "1": [4.444444444444439, 10.555555555555555, 6.666666666666667, 11.111111111111116, 5.000000000000004], "2": [6.666666666666665, 11.66666666666667, 7.222222222222221, 16.11111111111111, 7.222222222222221], "3": [14.444444444444445, 6.111111111111112, 12.777777777777777, 14.722222222222223, 8.333333333333337], "4": [16.11111111111111, 5.277777777777778, 4.678362573099415, 1.1111111111111112, 11.111111111111116], "5": [15.000000000000002, 11.111111111111116, 9.444444444444445, 2.5, 10.0], "6": [15.000000000000002, 18.055555555555557, 5.833333333333333, 9.444444444444445, 8.333333333333337], "7": [8.888888888888891, 7.777777777777778, 8.333333333333337, 7.602339181286554, 7.777777777777772], "8": [15.833333333333332, 14.722222222222223, 5.555555555555558, 7.975460122699387, 14.444444444444448], "9": [11.38888888888889, 9.444444444444445, 4.444444444444445, 11.66666666666667, 12.012012012012008]}, "minDCF": {"0": [0.6549707602339191, 0.3583333333333328, 0.5194444444444443, 0.6027777777777776, 0.1555555555555555], "1": [0.3527777777777768, 0.2749999999999998, 0.2694444444444442, 0.2722222222222222, 0.2166666666666666], "2": [0.3833333333333329, 0.3749999999999994, 0.2249999999999998, 0.3555555555555555, 0.3722222222222218], "3": [0.4388888888888889, 0.3083333333333327, 0.3805555555555553, 0.4111111111111111, 0.3833333333333333], "4": [0.4888888888888889, 0.3166666666666666, 0.2192982456140345, 0.0722222222222222, 0.5999999999999996], "5": [0.7444444444444445, 0.3, 0.2916666666666664, 0.1805555555555553, 0.3916666666666664], "6": [0.6055555555555555, 0.5027777777777775, 0.4444444444444441, 0.5166666666666667, 0.3249999999999998], "7": [0.3499999999999999, 0.4916666666666665, 0.3833333333333333, 0.2719298245614029, 0.4777777777777778], "8": [0.5666666666666663, 0.3777777777777777, 0.2055555555555555, 0.4693251533742328, 0.4888888888888885], "9": [0.5777777777777771, 0.6249999999999994, 0.4166666666666667, 0.4000000000000001, 0.3903903903903903]}}, "all": {"eer": {"0": [], "1": [], "2": [], "3": [], "4": [], "5": [], "6": [], "7": [], "8": [], "9": []}, "minDCF": {"0": [], "1": [], "2": [], "3": [], "4": [], "5": [], "6": [], "7": [], "8": [], "9": []}}}}