{"eval": {"female": {"eer": {"0": [], "1": [], "2": [], "3": [], "4": [], "5": [], "6": [], "7": [], "8": [], "9": []}, "minDCF": {"0": [], "1": [], "2": [], "3": [], "4": [], "5": [], "6": [], "7": [], "8": [], "9": []}}, "male": {"eer": {"0": [15.789473684210533, 11.66666666666667, 8.61111111111111, 4.444444444444439, 7.777777777777778], "1": [8.888888888888891, 10.555555555555552, 5.833333333333333, 4.722222222222222, 6.111111111111111], "2": [5.833333333333333, 11.111111111111116, 6.666666666666667, 12.777777777777777, 7.222222222222221], "3": [12.222222222222223, 5.000000000000004, 11.111111111111116, 13.888888888888884, 8.88888888888889], "4": [8.333333333333337, 4.444444444444445, 6.432748538011701, 7.777777777777772, 7.222222222222219], "5": [16.11111111111111, 14.444444444444448, 12.777777777777777, 5.555555555555558, 9.444444444444445], "6": [21.111111111111114, 16.666666666666664, 7.222222222222219, 5.555555555555558, 5.555555555555558], "7": [7.222222222222221, 5.277777777777778, 6.111111111111112, 5.263157894736848, 10.555555555555555], "8": [10.555555555555555, 14.444444444444448, 5.555555555555558, 4.907975460122705, 10.0], "9": [11.944444444444445, 8.055555555555555, 6.388888888888888, 15.833333333333332, 12.612612612612615]}, "minDCF": {"0": [0.5058479532163737, 0.4638888888888887, 0.4611111111111103, 0.3166666666666666, 0.294444444444444], "1": [0.5083333333333331, 0.2861111111111109, 0.1055555555555555, 0.3777777777777777, 0.2305555555555553], "2": [0.2833333333333333, 0.3499999999999996, 0.2, 0.5444444444444441, 0.4194444444444442], "3": [0.5888888888888889, 0.3166666666666662, 0.3694444444444442, 0.4749999999999994, 0.3138888888888886], "4": [0.4583333333333331, 0.3916666666666657, 0.2953216374269, 0.1833333333333333, 0.3611111111111111], "5": [0.7638888888888886, 0.394444444444444, 0.4416666666666664, 0.2611111111111107, 0.5194444444444443], "6": [0.6694444444444438, 0.4111111111111111, 0.4388888888888881, 0.4833333333333329, 0.3722222222222218], "7": [0.4388888888888885, 0.3611111111111107, 0.3166666666666666, 0.3099415204678373, 0.2], "8": [0.4833333333333334, 0.4361111111111109, 0.2611111111111111, 0.2668711656441714, 0.3749999999999998], "9": [0.6444444444444445, 0.4527777777777776, 0.3666666666666663, 0.480555555555555, 0.3813813813813814]}}, "all": {"eer": {"0": [], "1": [], "2": [], "3": [], "4": [], "5": [], "6": [], "7": [], "8": [], "9": []}, "minDCF": {"0": [], "1": [], "2": [], "3": [], "4": [], "5": [], "6": [], "7": [], "8": [], "9": []}}}}