{"eval": {"female": {"eer": {"0": [], "1": [], "2": [], "3": [], "4": [], "5": [], "6": [], "7": [], "8": [], "9": []}, "minDCF": {"0": [], "1": [], "2": [], "3": [], "4": [], "5": [], "6": [], "7": [], "8": [], "9": []}}, "male": {"eer": {"0": [9.941520467836256, 4.444444444444439, 2.7777777777777777, 3.055555555555556, 3.055555555555556], "1": [6.111111111111112, 2.7777777777777777, 1.1111111111111072, 2.5, 2.222222222222225], "2": [8.61111111111111, 3.3333333333333326, 2.777777777777779, 13.333333333333334, 3.888888888888889], "3": [8.333333333333337, 3.888888888888889, 5.555555555555558, 11.66666666666667, 8.888888888888891], "4": [15.555555555555555, 5.833333333333333, 7.602339181286549, 5.000000000000004, 5.555555555555558], "5": [11.111111111111116, 6.666666666666667, 2.7777777777777777, 1.1111111111111112, 7.222222222222221], "6": [8.333333333333337, 11.944444444444445, 2.777777777777779, 2.222222222222225, 1.6666666666666718], "7": [7.777777777777772, 3.055555555555556, 3.3333333333333326, 1.7543859649122862, 1.6666666666666718], "8": [13.33333333333333, 7.222222222222219, 5.555555555555558, 5.521472392638039, 3.888888888888886], "9": [6.111111111111112, 1.6666666666666718, 1.1111111111111072, 3.333333333333333, 4.804804804804808]}, "minDCF": {"0": [0.3157894736842105, 0.1888888888888885, 0.3694444444444442, 0.1777777777777774, 0.1999999999999996], "1": [0.1388888888888889, 0.0611111111111111, 0.0111111111111111, 0.1, 0.0666666666666666], "2": [0.3416666666666664, 0.1638888888888887, 0.1, 0.4222222222222222, 0.3305555555555549], "3": [0.3555555555555555, 0.3027777777777776, 0.3333333333333333, 0.3833333333333333, 0.3611111111111111], "4": [0.3111111111111111, 0.2777777777777778, 0.239766081871345, 0.2611111111111111, 0.3611111111111107], "5": [0.3916666666666664, 0.3444444444444444, 0.197222222222222, 0.0277777777777777, 0.4055555555555551], "6": [0.4388888888888885, 0.3833333333333333, 0.3527777777777775, 0.1388888888888885, 0.2194444444444438], "7": [0.347222222222222, 0.2305555555555549, 0.1611111111111111, 0.087719298245614, 0.0666666666666666], "8": [0.3444444444444444, 0.247222222222222, 0.1388888888888889, 0.2760736196319018, 0.1583333333333331], "9": [0.2222222222222222, 0.1888888888888885, 0.0166666666666666, 0.1416666666666664, 0.2762762762762762]}}, "all": {"eer": {"0": [], "1": [], "2": [], "3": [], "4": [], "5": [], "6": [], "7": [], "8": [], "9": []}, "minDCF": {"0": [], "1": [], "2": [], "3": [], "4": [], "5": [], "6": [], "7": [], "8": [], "9": []}}}}