{"eval": {"female": {"eer": {"0": [], "1": [], "2": [], "3": [], "4": [], "5": [], "6": [], "7": [], "8": [], "9": []}, "minDCF": {"0": [], "1": [], "2": [], "3": [], "4": [], "5": [], "6": [], "7": [], "8": [], "9": []}}, "male": {"eer": {"0": [9.649122807017545, 3.888888888888889, 5.000000000000004, 1.9444444444444444, 5.0], "1": [4.444444444444439, 1.1111111111111072, 0.5555555555555556, 4.166666666666666, 0.5555555555555556], "2": [4.444444444444439, 6.666666666666667, 0.5555555555555556, 11.111111111111116, 4.444444444444439], "3": [7.777777777777772, 6.111111111111112, 8.333333333333332, 12.777777777777777, 11.111111111111116], "4": [11.944444444444445, 6.388888888888888, 6.432748538011701, 4.166666666666666, 7.5], "5": [9.444444444444445, 5.833333333333333, 4.722222222222222, 1.9444444444444444, 2.777777777777779], "6": [7.777777777777778, 9.444444444444445, 5.833333333333333, 1.9444444444444444, 2.222222222222225], "7": [6.388888888888888, 3.055555555555556, 1.6666666666666718, 0.8771929824561403, 2.5], "8": [13.33333333333333, 8.333333333333337, 2.777777777777779, 3.6809815950920255, 7.5], "9": [5.833333333333333, 6.666666666666665, 1.1111111111111112, 3.333333333333333, 4.20420420420421]}, "minDCF": {"0": [0.2982456140350877, 0.1111111111111111, 0.2611111111111107, 0.1138888888888886, 0.0777777777777777], "1": [0.2666666666666663, 0.05, 0.0222222222222222, 0.1249999999999997, 0.0055555555555555], "2": [0.2611111111111111, 0.3583333333333328, 0.0055555555555555, 0.4194444444444442, 0.3], "3": [0.3083333333333331, 0.2166666666666666, 0.2666666666666666, 0.3749999999999998, 0.4638888888888887], "4": [0.2888888888888888, 0.247222222222222, 0.1812865497076023, 0.2055555555555555, 0.4111111111111107], "5": [0.3499999999999999, 0.333333333333333, 0.2888888888888888, 0.0611111111111111, 0.2083333333333331], "6": [0.3583333333333331, 0.4083333333333331, 0.3416666666666664, 0.2111111111111111, 0.2305555555555549], "7": [0.2277777777777777, 0.0833333333333333, 0.0666666666666666, 0.0672514619883035, 0.1], "8": [0.3444444444444444, 0.2, 0.0333333333333333, 0.165644171779141, 0.3666666666666666], "9": [0.347222222222222, 0.3499999999999999, 0.1333333333333333, 0.1555555555555555, 0.1561561561561561]}}, "all": {"eer": {"0": [], "1": [], "2": [], "3": [], "4": [], "5": [], "6": [], "7": [], "8": [], "9": []}, "minDCF": {"0": [], "1": [], "2": [], "3": [], "4": [], "5": [], "6": [], "7": [], "8": [], "9": []}}}}