{"eval": {"female": {"eer": {"0": [], "1": [], "2": [], "3": [], "4": [], "5": [], "6": [], "7": [], "8": [], "9": []}, "minDCF": {"0": [], "1": [], "2": [], "3": [], "4": [], "5": [], "6": [], "7": [], "8": [], "9": []}}, "male": {"eer": {"0": [9.35672514619883, 5.833333333333333, 4.722222222222222, 2.5, 6.111111111111111], "1": [3.333333333333333, 2.777777777777779, 1.1111111111111112, 0.5555555555555536, 3.055555555555556], "2": [7.777777777777772, 3.333333333333333, 2.777777777777779, 10.555555555555552, 3.888888888888886], "3": [12.777777777777777, 6.111111111111112, 7.222222222222221, 7.777777777777772, 13.055555555555555], "4": [9.444444444444445, 7.777777777777772, 4.385964912280701, 6.666666666666665, 8.333333333333337], "5": [7.777777777777772, 7.222222222222221, 3.888888888888886, 2.222222222222225, 6.666666666666667], "6": [5.555555555555558, 8.888888888888891, 5.833333333333333, 0.5555555555555556, 3.055555555555556], "7": [8.333333333333337, 3.3333333333333326, 1.1111111111111112, 1.1695906432748535, 1.1111111111111112], "8": [11.944444444444445, 5.000000000000004, 2.222222222222225, 1.5337423312883436, 10.0], "9": [4.444444444444439, 4.444444444444439, 1.6666666666666718, 2.5, 2.402402402402404]}, "minDCF": {"0": [0.3245614035087714, 0.3138888888888886, 0.2333333333333333, 0.2194444444444438, 0.2583333333333331], "1": [0.2083333333333331, 0.1027777777777776, 0.05, 0.0166666666666666, 0.1527777777777776], "2": [0.2555555555555555, 0.2583333333333327, 0.1444444444444444, 0.3638888888888887, 0.2416666666666664], "3": [0.4361111111111109, 0.3944444444444436, 0.2944444444444444, 0.2861111111111109, 0.4055555555555555], "4": [0.2388888888888889, 0.2694444444444442, 0.2163742690058479, 0.2027777777777775, 0.4722222222222215], "5": [0.2888888888888888, 0.4583333333333327, 0.1111111111111111, 0.1888888888888885, 0.3277777777777778], "6": [0.3027777777777776, 0.3138888888888886, 0.3055555555555556, 0.1111111111111107, 0.2416666666666664], "7": [0.3388888888888889, 0.1416666666666664, 0.0888888888888888, 0.0730994152046778, 0.05], "8": [0.5333333333333333, 0.1388888888888889, 0.1444444444444444, 0.0766871165644168, 0.2055555555555555], "9": [0.2416666666666664, 0.2333333333333329, 0.0666666666666666, 0.0555555555555555, 0.072072072072072]}}, "all": {"eer": {"0": [], "1": [], "2": [], "3": [], "4": [], "5": [], "6": [], "7": [], "8": [], "9": []}, "minDCF": {"0": [], "1": [], "2": [], "3": [], "4": [], "5": [], "6": [], "7": [], "8": [], "9": []}}}}