{"female": {"eer": 10.48, "minDCF": 0.8664435374149652}, "male": {"eer": 12.348333333333333, "minDCF": 0.8467843537414965}, "all": {"eer": 12.019047619047619, "minDCF": 0.8562010884353735}}