{"female": [0.7112909555435181, 0.814001202583313], "male": [0.6711122989654541, 0.7987216114997864], "all": [0.6789714097976685, 0.8013217449188232]}