{"eval": {"female": {"eer": {"0": [], "1": [], "2": [], "3": [], "4": [], "5": [], "6": [], "7": [], "8": [], "9": []}, "minDCF": {"0": [], "1": [], "2": [], "3": [], "4": [], "5": [], "6": [], "7": [], "8": [], "9": []}}, "male": {"eer": {"0": [5.458089668615986, 1.8518518518518523, 0.3703703703703704, 0.925925925925927, 0.46296296296296163], "1": [2.314814814814815, 0.5555555555555536, 0.0, 0.18518518518518454, 0.46296296296296297], "2": [5.833333333333335, 0.6481481481481461, 0.0, 0.5555555555555556, 0.7407407407407418], "3": [9.537037037037036, 1.018518518518518, 2.777777777777775, 1.2037037037037024, 5.185185185185185], "4": [5.37037037037037, 1.6666666666666652, 0.19493177387914226, 0.18518518518518454, 0.0925925925925926], "5": [7.407407407407409, 1.7592592592592624, 2.592592592592592, 0.0, 2.03703703703704], "6": [5.462962962962963, 4.814814814814817, 3.6111111111111107, 0.1851851851851852, 0.18518518518518454], "7": [0.9259259259259264, 0.37037037037036974, 0.0, 0.09746588693957113, 1.0185185185185197], "8": [5.555555555555556, 2.0370370370370376, 0.46296296296296297, 0.8179959100204512, 0.8333333333333321], "9": [6.851851851851851, 1.5740740740740726, 0.5555555555555536, 0.1851851851851852, 0.1851851851851852]}, "minDCF": {"0": [0.2251461988304095, 0.06481481481481477, 0.016666666666666666, 0.02407407407407403, 0.0148148148148148], "1": [0.060185185185185064, 0.011111111111111066, 0.0, 0.0018518518518518335, 0.025925925925925897], "2": [0.08888888888888884, 0.0129629629629629, 0.0, 0.020370370370370334, 0.02407407407407403], "3": [0.2768518518518518, 0.0296296296296296, 0.07037037037037033, 0.037962962962962865, 0.12407407407407404], "4": [0.23148148148148143, 0.0481481481481481, 0.011695906432748501, 0.0018518518518518335, 0.005555555555555533], "5": [0.2138888888888888, 0.08148148148148143, 0.17129629629629609, 0.0, 0.09537037037037027], "6": [0.19351851851851828, 0.12222222222222216, 0.10833333333333324, 0.0018518518518518335, 0.0018518518518518335], "7": [0.06018518518518507, 0.003703703703703667, 0.0, 0.0019493177387914001, 0.020370370370370334], "8": [0.17314814814814805, 0.06851851851851846, 0.036111111111111004, 0.06543967280163573, 0.0435185185185184], "9": [0.10555555555555551, 0.04166666666666654, 0.009259259259259233, 0.0018518518518518335, 0.0037037037037037]}}, "all": {"eer": {"0": [], "1": [], "2": [], "3": [], "4": [], "5": [], "6": [], "7": [], "8": [], "9": []}, "minDCF": {"0": [], "1": [], "2": [], "3": [], "4": [], "5": [], "6": [], "7": [], "8": [], "9": []}}}}