{"eval": {"female": {"eer": {"0": [], "1": [], "2": [], "3": [], "4": [], "5": [], "6": [], "7": [], "8": [], "9": []}, "minDCF": {"0": [], "1": [], "2": [], "3": [], "4": [], "5": [], "6": [], "7": [], "8": [], "9": []}}, "male": {"eer": {"0": [10.623781676413255, 4.62962962962963, 1.7592592592592595, 5.787037037037037, 4.027777777777778], "1": [7.407407407407407, 1.8981481481481481, 1.2962962962962965, 2.9629629629629632, 6.018518518518519], "2": [6.898148148148148, 3.0555555555555554, 0.7407407407407408, 7.453703703703703, 5.694444444444444], "3": [12.5, 4.953703703703703, 10.925925925925926, 11.527777777777777, 14.629629629629628], "4": [11.388888888888888, 5.370370370370371, 3.021442495126706, 2.314814814814815, 2.0833333333333335], "5": [13.00925925925926, 6.481481481481482, 8.61111111111111, 2.8703703703703702, 12.962962962962962], "6": [6.527777777777778, 8.24074074074074, 7.407407407407407, 3.1018518518518516, 6.527777777777778], "7": [4.722222222222222, 1.3425925925925926, 1.8518518518518519, 1.8031189083820662, 4.814814814814814], "8": [10.601851851851853, 6.111111111111111, 3.1018518518518516, 4.4989775051124745, 7.916666666666667], "9": [9.027777777777779, 5.324074074074074, 4.027777777777778, 4.6759259259259265, 11.411411411411413]}, "minDCF": {"0": [0.4317738791423002, 0.2740740740740741, 0.14259259259259252, 0.2037037037037037, 0.1972222222222222], "1": [0.33333333333333326, 0.1407407407407407, 0.11851851851851851, 0.19444444444444442, 0.24259259259259255], "2": [0.3351851851851851, 0.38981481481481484, 0.1481481481481481, 0.2898148148148148, 0.35555555555555546], "3": [0.4981481481481482, 0.41759259259259257, 0.39814814814814814, 0.387037037037037, 0.47129629629629627], "4": [0.5166666666666665, 0.512962962962963, 0.2612085769980506, 0.3166666666666666, 0.15092592592592588], "5": [0.40740740740740744, 0.5787037037037037, 0.4944444444444444, 0.4351851851851851, 0.5824074074074074], "6": [0.45462962962962955, 0.3499999999999999, 0.40648148148148144, 0.249074074074074, 0.33425925925925926], "7": [0.22499999999999995, 0.12037037037037034, 0.2018518518518518, 0.09746588693957108, 0.19166666666666665], "8": [0.5731481481481482, 0.24999999999999997, 0.1759259259259259, 0.3445807770961145, 0.3157407407407407], "9": [0.4574074074074073, 0.4296296296296296, 0.24537037037037038, 0.2740740740740741, 0.3403403403403403]}}, "all": {"eer": {"0": [], "1": [], "2": [], "3": [], "4": [], "5": [], "6": [], "7": [], "8": [], "9": []}, "minDCF": {"0": [], "1": [], "2": [], "3": [], "4": [], "5": [], "6": [], "7": [], "8": [], "9": []}}}}