{"eval": {"female": {"eer": {"0": [], "1": [], "2": [], "3": [], "4": [], "5": [], "6": [], "7": [], "8": [], "9": []}, "minDCF": {"0": [], "1": [], "2": [], "3": [], "4": [], "5": [], "6": [], "7": [], "8": [], "9": []}}, "male": {"eer": {"0": [10.623781676413255], "1": [7.407407407407407], "2": [6.898148148148148], "3": [12.5], "4": [11.388888888888888], "5": [13.00925925925926], "6": [6.527777777777778], "7": [4.722222222222222], "8": [10.601851851851853], "9": [9.027777777777779]}, "minDCF": {"0": [0.4317738791423002], "1": [0.33333333333333326], "2": [0.3351851851851851], "3": [0.4981481481481482], "4": [0.5166666666666665], "5": [0.40740740740740744], "6": [0.45462962962962955], "7": [0.22499999999999995], "8": [0.5731481481481482], "9": [0.4574074074074073]}}, "all": {"eer": {"0": [], "1": [], "2": [], "3": [], "4": [], "5": [], "6": [], "7": [], "8": [], "9": []}, "minDCF": {"0": [], "1": [], "2": [], "3": [], "4": [], "5": [], "6": [], "7": [], "8": [], "9": []}}}}