{"eval": {"female": {"eer": {"0": [], "1": [], "2": [], "3": [], "4": [], "5": [], "6": [], "7": [], "8": [], "9": []}, "minDCF": {"0": [], "1": [], "2": [], "3": [], "4": [], "5": [], "6": [], "7": [], "8": [], "9": []}}, "male": {"eer": {"0": [5.9454191033138395], "1": [5.833333333333333], "2": [2.175925925925926], "3": [8.24074074074074], "4": [8.935185185185185], "5": [8.888888888888891], "6": [4.768518518518518], "7": [1.3888888888888886], "8": [6.712962962962962], "9": [3.1018518518518516]}, "minDCF": {"0": [0.35087719298245607], "1": [0.10185185185185185], "2": [0.19999999999999996], "3": [0.3666666666666667], "4": [0.4166666666666667], "5": [0.27037037037037037], "6": [0.29259259259259257], "7": [0.11574074074074074], "8": [0.23888888888888885], "9": [0.1333333333333333]}}, "all": {"eer": {"0": [], "1": [], "2": [], "3": [], "4": [], "5": [], "6": [], "7": [], "8": [], "9": []}, "minDCF": {"0": [], "1": [], "2": [], "3": [], "4": [], "5": [], "6": [], "7": [], "8": [], "9": []}}}}