{"eval": {"female": {"eer": {"0": [], "1": [], "2": [], "3": [], "4": [], "5": [], "6": [], "7": [], "8": [], "9": []}, "minDCF": {"0": [], "1": [], "2": [], "3": [], "4": [], "5": [], "6": [], "7": [], "8": [], "9": []}}, "male": {"eer": {"0": [10.331384015594542], "1": [3.4259259259259274], "2": [7.592592592592593], "3": [11.388888888888888], "4": [7.777777777777778], "5": [11.481481481481481], "6": [6.9444444444444455], "7": [2.962962962962962], "8": [10.092592592592593], "9": [6.574074074074073]}, "minDCF": {"0": [0.3635477582846005], "1": [0.12592592592592575], "2": [0.30462962962962925], "3": [0.3935185185185184], "4": [0.3185185185185182], "5": [0.4009259259259255], "6": [0.3759259259259254], "7": [0.1749999999999999], "8": [0.41018518518518493], "9": [0.298148148148148]}}, "all": {"eer": {"0": [], "1": [], "2": [], "3": [], "4": [], "5": [], "6": [], "7": [], "8": [], "9": []}, "minDCF": {"0": [], "1": [], "2": [], "3": [], "4": [], "5": [], "6": [], "7": [], "8": [], "9": []}}}}