{"eval": {"female": {"eer": {"0": [], "1": [], "2": [], "3": [], "4": [], "5": [], "6": [], "7": [], "8": [], "9": []}, "minDCF": {"0": [], "1": [], "2": [], "3": [], "4": [], "5": [], "6": [], "7": [], "8": [], "9": []}}, "male": {"eer": {"0": [5.458089668615986], "1": [2.314814814814815], "2": [5.833333333333335], "3": [9.537037037037036], "4": [5.37037037037037], "5": [7.407407407407409], "6": [5.462962962962963], "7": [0.9259259259259264], "8": [5.555555555555556], "9": [6.851851851851851]}, "minDCF": {"0": [0.2251461988304095], "1": [0.060185185185185064], "2": [0.08888888888888884], "3": [0.2768518518518518], "4": [0.23148148148148143], "5": [0.2138888888888888], "6": [0.19351851851851828], "7": [0.06018518518518507], "8": [0.17314814814814805], "9": [0.10555555555555551]}}, "all": {"eer": {"0": [], "1": [], "2": [], "3": [], "4": [], "5": [], "6": [], "7": [], "8": [], "9": []}, "minDCF": {"0": [], "1": [], "2": [], "3": [], "4": [], "5": [], "6": [], "7": [], "8": [], "9": []}}}}