{"eval": {"female": {"eer": {"0": [], "1": [], "2": [], "3": [], "4": [], "5": [], "6": [], "7": [], "8": [], "9": []}, "minDCF": {"0": [], "1": [], "2": [], "3": [], "4": [], "5": [], "6": [], "7": [], "8": [], "9": []}}, "male": {"eer": {"0": [5.9454191033138395, 2.638888888888889, 1.2037037037037037, 5.555555555555556, 3.888888888888889], "1": [5.833333333333333, 1.0185185185185184, 1.0185185185185184, 2.9629629629629632, 5.9259259259259265], "2": [2.175925925925926, 1.4351851851851851, 0.6481481481481483, 6.851851851851851, 4.907407407407407], "3": [8.24074074074074, 2.824074074074074, 10.462962962962964, 11.111111111111109, 14.166666666666666], "4": [8.935185185185185, 1.712962962962963, 0.5360623781676411, 0.1388888888888889, 1.0185185185185184], "5": [8.888888888888891, 1.944444444444444, 6.25, 1.2962962962962965, 11.296296296296296], "6": [4.768518518518518, 6.9907407407407405, 6.666666666666667, 2.685185185185185, 6.111111111111112], "7": [1.3888888888888886, 0.1388888888888889, 0.1851851851851852, 1.461988304093567, 4.814814814814815], "8": [6.712962962962962, 3.657407407407408, 2.5462962962962967, 3.2208588957055215, 7.685185185185186], "9": [3.1018518518518516, 3.4722222222222228, 3.5185185185185177, 4.62962962962963, 10.555555555555555]}, "minDCF": {"0": [0.35087719298245607, 0.23703703703703702, 0.14074074074074067, 0.20555555555555552, 0.17962962962962958], "1": [0.10185185185185185, 0.1074074074074074, 0.11851851851851851, 0.19444444444444442, 0.2425925925925926], "2": [0.19999999999999996, 0.12222222222222219, 0.14999999999999997, 0.2703703703703703, 0.2148148148148148], "3": [0.3666666666666667, 0.21851851851851847, 0.3574074074074074, 0.3592592592592592, 0.41481481481481475], "4": [0.4166666666666667, 0.124074074074074, 0.0389863547758284, 0.0333333333333333, 0.0944444444444444], "5": [0.27037037037037037, 0.13703703703703699, 0.24999999999999992, 0.11111111111111104, 0.35185185185185186], "6": [0.29259259259259257, 0.28148148148148144, 0.25, 0.19259259259259254, 0.3185185185185185], "7": [0.11574074074074074, 0.04814814814814811, 0.027777777777777766, 0.09551656920077967, 0.1685185185185185], "8": [0.23888888888888885, 0.15, 0.17777777777777773, 0.25460122699386495, 0.30185185185185176], "9": [0.1333333333333333, 0.2518518518518518, 0.22222222222222218, 0.26666666666666666, 0.3111111111111111]}}, "all": {"eer": {"0": [], "1": [], "2": [], "3": [], "4": [], "5": [], "6": [], "7": [], "8": [], "9": []}, "minDCF": {"0": [], "1": [], "2": [], "3": [], "4": [], "5": [], "6": [], "7": [], "8": [], "9": []}}}}