{"female": {"eer": 9.156462585034008, "minDCF": 0.715946938775511}, "male": {"eer": 8.1, "minDCF": 0.6986850340136053}, "all": {"eer": 8.288, "minDCF": 0.6987028571428563}}