{"female": [0.7092989683151245, 0.8017935752868652], "male": [0.6922172904014587, 0.7826131582260132], "all": [0.6958056688308716, 0.7885053753852844]}