{"female": {"eer": 7.5374149659864, "minDCF": 0.8186163265306127}, "male": {"eer": 10.99659863945578, "minDCF": 0.8347816326530606}, "all": {"eer": 10.478911564625848, "minDCF": 0.8448840816326522}}