{"female": [0.71079421043396, 0.8069462776184082], "male": [0.670511782169342, 0.80408775806427], "all": [0.6785386800765991, 0.804145097732544]}