{"female": {"eer": 10.93877551020408, "minDCF": 0.8215632653061228}, "male": {"eer": 12.326530612244902, "minDCF": 0.8785132653061225}, "all": {"eer": 12.247619047619052, "minDCF": 0.8587308843537417}}