{"female": [0.6917662620544434, 0.7924431562423706], "male": [0.6637982130050659, 0.7931311726570129], "all": [0.6694270968437195, 0.8000683784484863]}