{"female": {"eer": 0.20666666666666667, "minDCF": 0.014360544217686377}, "male": {"eer": 0.01360544217686721, "minDCF": 0.0010649659863945229}, "all": {"eer": 0.03265306122448575, "minDCF": 0.00430857142857146}}