{"female": [0.7210392951965332, 0.7630277276039124], "male": [0.6802915334701538, 0.7107031941413879], "all": [0.6925041675567627, 0.7111402153968811]}