{"eval": {"female": {"eer": {"0": [], "1": [], "2": [], "3": [], "4": [], "5": [], "6": [], "7": [], "8": [], "9": []}, "minDCF": {"0": [], "1": [], "2": [], "3": [], "4": [], "5": [], "6": [], "7": [], "8": [], "9": []}}, "male": {"eer": {"0": [7.9999999999999964, 4.500000000000004, 6.000000000000005, 3.0], "1": [3.75, 1.7500000000000002, 0.5000000000000004, 0.5000000000000004], "2": [5.000000000000004, 0.5000000000000004, 1.25, 0.75], "3": [5.5, 9.75, 2.25, 7.75], "4": [5.0, 0.0, 0.25, 0.25], "5": [11.0, 14.500000000000002, 7.5, 3.500000000000003], "6": [15.500000000000004, 6.999999999999995, 2.0000000000000018, 2.0000000000000018], "7": [4.500000000000004, 2.500000000000002, 1.3123359580052494, 2.75], "8": [2.75, 0.25, 2.197802197802201, 2.0000000000000018], "9": [4.500000000000004, 2.25, 1.25, 2.557544757033248]}, "minDCF": {"0": [0.385, 0.202499999999999, 0.16, 0.095], "1": [0.095, 0.055, 0.01, 0.025], "2": [0.1874999999999989, 0.01, 0.02, 0.01], "3": [0.28, 0.24, 0.08, 0.21], "4": [0.12, 0.0, 0.005, 0.01], "5": [0.352499999999999, 0.352499999999999, 0.357499999999999, 0.125], "6": [0.545, 0.24, 0.11, 0.075], "7": [0.3350000000000001, 0.1724999999999989, 0.0892388451443569, 0.05], "8": [0.08, 0.005, 0.0329670329670329, 0.06], "9": [0.165, 0.115, 0.035, 0.10498393337268]}}, "all": {"eer": {"0": [], "1": [], "2": [], "3": [], "4": [], "5": [], "6": [], "7": [], "8": [], "9": []}, "minDCF": {"0": [], "1": [], "2": [], "3": [], "4": [], "5": [], "6": [], "7": [], "8": [], "9": []}}}}