{"eval": {"female": {"eer": {"0": [], "1": [], "2": [], "3": [], "4": [], "5": [], "6": [], "7": [], "8": [], "9": []}, "minDCF": {"0": [], "1": [], "2": [], "3": [], "4": [], "5": [], "6": [], "7": [], "8": [], "9": []}}, "male": {"eer": {"0": [13.910761154855644], "1": [12.875], "2": [6.625], "3": [12.625], "4": [6.375], "5": [21.625], "6": [9.375], "7": [21.125], "8": [19.0], "9": [16.75]}, "minDCF": {"0": [0.4356955380577427], "1": [0.525], "2": [0.165], "3": [0.6900000000000001], "4": [0.1675], "5": [2.5775], "6": [0.33], "7": [1.9375], "8": [0.605], "9": [0.4624999999999999]}}, "all": {"eer": {"0": [], "1": [], "2": [], "3": [], "4": [], "5": [], "6": [], "7": [], "8": [], "9": []}, "minDCF": {"0": [], "1": [], "2": [], "3": [], "4": [], "5": [], "6": [], "7": [], "8": [], "9": []}}}}