{"eval": {"female": {"eer": {"0": [], "1": [], "2": [], "3": [], "4": [], "5": [], "6": [], "7": [], "8": [], "9": []}, "minDCF": {"0": [], "1": [], "2": [], "3": [], "4": [], "5": [], "6": [], "7": [], "8": [], "9": []}}, "male": {"eer": {"0": [8.923884514435699], "1": [5.75], "2": [5.75], "3": [8.75], "4": [1.7500000000000002], "5": [18.999999999999996], "6": [6.999999999999995], "7": [9.999999999999998], "8": [13.5], "9": [7.499999999999996]}, "minDCF": {"0": [0.3385826771653535], "1": [0.15], "2": [0.0899999999999999], "3": [0.3649999999999999], "4": [0.06], "5": [0.6324999999999988], "6": [0.265], "7": [0.442499999999999], "8": [0.34], "9": [0.3100000000000001]}}, "all": {"eer": {"0": [], "1": [], "2": [], "3": [], "4": [], "5": [], "6": [], "7": [], "8": [], "9": []}, "minDCF": {"0": [], "1": [], "2": [], "3": [], "4": [], "5": [], "6": [], "7": [], "8": [], "9": []}}}}