{"eval": {"female": {"eer": {"0": [], "1": [], "2": [], "3": [], "4": [], "5": [], "6": [], "7": [], "8": [], "9": []}, "minDCF": {"0": [], "1": [], "2": [], "3": [], "4": [], "5": [], "6": [], "7": [], "8": [], "9": []}}, "male": {"eer": {"0": [11.249999999999998, 8.125, 6.875000000000001, 4.875], "1": [2.5, 2.0, 1.7500000000000002, 4.5], "2": [4.875, 0.375, 7.5, 6.5], "3": [6.0, 9.75, 10.75, 13.0], "4": [5.250000000000001, 0.5249343832020997, 0.25, 2.0], "5": [17.625, 15.125, 6.875000000000001, 9.25], "6": [15.75, 7.250000000000001, 4.25, 5.75], "7": [11.625, 5.75, 2.8871391076115485, 3.5000000000000004], "8": [3.25, 1.25, 1.3736263736263736, 4.0], "9": [5.125, 3.625, 4.75, 8.695652173913043]}, "minDCF": {"0": [0.5974999999999999, 0.5449999999999999, 0.215, 0.1849999999999999], "1": [0.1, 0.135, 0.1849999999999999, 0.21], "2": [0.2024999999999999, 0.065, 0.265, 0.205], "3": [0.32, 0.29, 0.305, 0.325], "4": [0.3225, 0.0262467191601049, 0.04, 0.15], "5": [1.5174999999999998, 1.3175, 0.7725, 0.29], "6": [1.22, 0.2975, 0.2, 0.325], "7": [0.99, 0.41, 0.0892388451443569, 0.16], "8": [0.12, 0.11, 0.2417582417582417, 0.22], "9": [0.19, 0.195, 0.2, 0.2506393861892583]}}, "all": {"eer": {"0": [], "1": [], "2": [], "3": [], "4": [], "5": [], "6": [], "7": [], "8": [], "9": []}, "minDCF": {"0": [], "1": [], "2": [], "3": [], "4": [], "5": [], "6": [], "7": [], "8": [], "9": []}}}}