{"eval": {"female": {"eer": {"0": [], "1": [], "2": [], "3": [], "4": [], "5": [], "6": [], "7": [], "8": [], "9": []}, "minDCF": {"0": [], "1": [], "2": [], "3": [], "4": [], "5": [], "6": [], "7": [], "8": [], "9": []}}, "male": {"eer": {"0": [10.499999999999998, 2.75, 3.500000000000003, 3.500000000000003], "1": [3.5000000000000004, 1.0000000000000009, 0.0, 0.0], "2": [2.75, 2.25, 1.5, 0.5000000000000004], "3": [6.999999999999995, 10.499999999999998, 3.0, 5.000000000000004], "4": [2.500000000000002, 0.2624671916010498, 0.0, 0.25], "5": [15.0, 14.75, 4.25, 6.499999999999995], "6": [17.75, 6.999999999999995, 1.0, 2.500000000000002], "7": [3.500000000000003, 0.5, 0.5249343832021025, 4.0], "8": [1.25, 2.0, 0.5494505494505475, 3.5000000000000004], "9": [6.499999999999995, 3.75, 0.25, 1.7948717948717947]}, "minDCF": {"0": [0.435, 0.12, 0.15, 0.13], "1": [0.075, 0.02, 0.0, 0.0], "2": [0.035, 0.2524999999999989, 0.055, 0.005], "3": [0.2774999999999989, 0.31, 0.1124999999999989, 0.125], "4": [0.14, 0.0104986876640419, 0.0, 0.01], "5": [0.44, 0.33, 0.125, 0.23], "6": [0.3374999999999989, 0.21, 0.005, 0.04], "7": [0.2850000000000001, 0.03, 0.0052493438320209, 0.115], "8": [0.01, 0.1224999999999989, 0.0109890109890109, 0.11], "9": [0.2, 0.1574999999999989, 0.005, 0.0153452685421994]}}, "all": {"eer": {"0": [], "1": [], "2": [], "3": [], "4": [], "5": [], "6": [], "7": [], "8": [], "9": []}, "minDCF": {"0": [], "1": [], "2": [], "3": [], "4": [], "5": [], "6": [], "7": [], "8": [], "9": []}}}}