{"eval": {"female": {"eer": {"0": [], "1": [], "2": [], "3": [], "4": [], "5": [], "6": [], "7": [], "8": [], "9": []}, "minDCF": {"0": [], "1": [], "2": [], "3": [], "4": [], "5": [], "6": [], "7": [], "8": [], "9": []}}, "male": {"eer": {"0": [11.000000000000002, 2.5, 4.625, 3.25], "1": [3.25, 1.7500000000000002, 2.75, 4.25], "2": [2.6250000000000004, 2.375, 5.75, 1.7500000000000002], "3": [8.0, 12.25, 12.0, 14.000000000000002], "4": [3.875, 1.0498687664041997, 0.0, 0.5], "5": [19.25, 14.124999999999998, 4.25, 9.75], "6": [20.25, 7.75, 1.0, 6.75], "7": [11.75, 2.75, 0.2624671916010498, 5.0], "8": [2.0, 4.125, 3.571428571428571, 9.75], "9": [6.0, 5.624999999999999, 3.75, 13.299232736572892]}, "minDCF": {"0": [1.0875, 0.1999999999999999, 0.1799999999999999, 0.135], "1": [0.135, 0.07, 0.155, 0.1849999999999999], "2": [0.095, 0.3025, 0.24, 0.165], "3": [0.355, 0.38, 0.34, 0.425], "4": [0.19, 0.0367454068241469, 0.025, 0.07], "5": [2.9425, 1.6449999999999998, 0.3549999999999999, 0.3], "6": [0.8574999999999999, 0.3824999999999999, 0.15, 0.295], "7": [1.075, 0.0949999999999999, 0.0682414698162729, 0.17], "8": [0.0899999999999999, 0.2525, 0.1923076923076923, 0.32], "9": [0.29, 0.245, 0.25, 0.3734015345268542]}}, "all": {"eer": {"0": [], "1": [], "2": [], "3": [], "4": [], "5": [], "6": [], "7": [], "8": [], "9": []}, "minDCF": {"0": [], "1": [], "2": [], "3": [], "4": [], "5": [], "6": [], "7": [], "8": [], "9": []}}}}