{"eval": {"female": {"eer": {"0": [], "1": [], "2": [], "3": [], "4": [], "5": [], "6": [], "7": [], "8": [], "9": []}, "minDCF": {"0": [], "1": [], "2": [], "3": [], "4": [], "5": [], "6": [], "7": [], "8": [], "9": []}}, "male": {"eer": {"0": [14.173228346456687], "1": [3.0000000000000027], "2": [4.500000000000004], "3": [15.75], "4": [6.000000000000005], "5": [16.500000000000004], "6": [10.0], "7": [10.499999999999998], "8": [6.499999999999995], "9": [6.25]}, "minDCF": {"0": [0.4829396325459317], "1": [0.1724999999999989], "2": [0.095], "3": [0.3549999999999999], "4": [0.26], "5": [0.6150000000000001], "6": [0.32], "7": [0.295], "8": [0.28], "9": [0.115]}}, "all": {"eer": {"0": [], "1": [], "2": [], "3": [], "4": [], "5": [], "6": [], "7": [], "8": [], "9": []}, "minDCF": {"0": [], "1": [], "2": [], "3": [], "4": [], "5": [], "6": [], "7": [], "8": [], "9": []}}}}