{"eval": {"female": {"eer": {"0": [], "1": [], "2": [], "3": [], "4": [], "5": [], "6": [], "7": [], "8": [], "9": []}, "minDCF": {"0": [], "1": [], "2": [], "3": [], "4": [], "5": [], "6": [], "7": [], "8": [], "9": []}}, "male": {"eer": {"0": [21.78477690288714], "1": [8.375], "2": [4.75], "3": [18.75], "4": [6.25], "5": [21.5], "6": [15.75], "7": [24.375000000000004], "8": [11.125], "9": [18.25]}, "minDCF": {"0": [0.5170603674540682], "1": [0.7274999999999999], "2": [0.1749999999999999], "3": [0.7324999999999999], "4": [0.31], "5": [1.1725], "6": [0.3799999999999999], "7": [1.4125], "8": [0.3725], "9": [0.4075]}}, "all": {"eer": {"0": [], "1": [], "2": [], "3": [], "4": [], "5": [], "6": [], "7": [], "8": [], "9": []}, "minDCF": {"0": [], "1": [], "2": [], "3": [], "4": [], "5": [], "6": [], "7": [], "8": [], "9": []}}}}