{"eval": {"female": {"eer": {"0": [], "1": [], "2": [], "3": [], "4": [], "5": [], "6": [], "7": [], "8": [], "9": []}, "minDCF": {"0": [], "1": [], "2": [], "3": [], "4": [], "5": [], "6": [], "7": [], "8": [], "9": []}}, "male": {"eer": {"0": [11.0, 4.75, 2.75, 2.500000000000002], "1": [1.7500000000000002, 1.0000000000000009, 0.5000000000000004, 3.500000000000003], "2": [1.7500000000000002, 2.25, 0.0, 0.5000000000000004], "3": [3.25, 8.5, 1.500000000000001, 6.5], "4": [3.5000000000000004, 0.7874015748031495, 0.25, 0.5000000000000004], "5": [10.25, 12.5, 1.500000000000001, 8.75], "6": [16.000000000000004, 6.999999999999995, 2.0000000000000018, 1.7500000000000002], "7": [4.25, 1.0000000000000009, 1.049868766404205, 3.500000000000003], "8": [3.0, 3.0000000000000027, 0.0, 1.500000000000001], "9": [5.000000000000004, 2.500000000000002, 1.0000000000000009, 1.5384615384615383]}, "minDCF": {"0": [0.4350000000000001, 0.247499999999999, 0.14, 0.06], "1": [0.085, 0.04, 0.0449999999999999, 0.08], "2": [0.05, 0.16, 0.0, 0.015], "3": [0.147499999999999, 0.325, 0.075, 0.125], "4": [0.0899999999999999, 0.0419947506561679, 0.005, 0.005], "5": [0.315, 0.285, 0.03, 0.327499999999999], "6": [0.315, 0.217499999999999, 0.0449999999999999, 0.0624999999999989], "7": [0.212499999999999, 0.035, 0.0629921259842519, 0.065], "8": [0.06, 0.1574999999999989, 0.0, 0.06], "9": [0.22, 0.145, 0.035, 0.0562659846547314]}}, "all": {"eer": {"0": [], "1": [], "2": [], "3": [], "4": [], "5": [], "6": [], "7": [], "8": [], "9": []}, "minDCF": {"0": [], "1": [], "2": [], "3": [], "4": [], "5": [], "6": [], "7": [], "8": [], "9": []}}}}