{"eval": {"female": {"eer": {"0": [], "1": [], "2": [], "3": [], "4": [], "5": [], "6": [], "7": [], "8": [], "9": []}, "minDCF": {"0": [], "1": [], "2": [], "3": [], "4": [], "5": [], "6": [], "7": [], "8": [], "9": []}}, "male": {"eer": {"0": [24.67191601049869], "1": [18.0], "2": [10.875], "3": [14.500000000000002], "4": [3.125], "5": [20.125], "6": [8.25], "7": [30.125], "8": [9.75], "9": [22.875]}, "minDCF": {"0": [0.921259842519685], "1": [0.5025], "2": [0.355], "3": [0.6075], "4": [0.1725], "5": [2.3775], "6": [0.3949999999999999], "7": [1.93], "8": [0.3625], "9": [1.1674999999999998]}}, "all": {"eer": {"0": [], "1": [], "2": [], "3": [], "4": [], "5": [], "6": [], "7": [], "8": [], "9": []}, "minDCF": {"0": [], "1": [], "2": [], "3": [], "4": [], "5": [], "6": [], "7": [], "8": [], "9": []}}}}