{"eval": {"female": {"eer": {"0": [], "1": [], "2": [], "3": [], "4": [], "5": [], "6": [], "7": [], "8": [], "9": []}, "minDCF": {"0": [], "1": [], "2": [], "3": [], "4": [], "5": [], "6": [], "7": [], "8": [], "9": []}}, "male": {"eer": {"0": [12.5, 5.625, 5.0, 3.25], "1": [2.375, 1.375, 3.25, 7.75], "2": [1.375, 2.125, 5.75, 5.75], "3": [3.25, 10.875, 7.000000000000001, 11.5], "4": [3.875, 0.5249343832020997, 0.375, 0.375], "5": [16.125, 12.0, 1.375, 12.625], "6": [20.875, 8.375, 2.5, 4.0], "7": [10.125, 1.5, 1.574803149606299, 4.0], "8": [3.5000000000000004, 2.875, 3.296703296703297, 7.249999999999999], "9": [5.250000000000001, 3.125, 3.75, 7.41687979539642]}, "minDCF": {"0": [0.95, 0.2575, 0.16, 0.165], "1": [0.1025, 0.125, 0.1749999999999999, 0.28], "2": [0.075, 0.1849999999999999, 0.23, 0.215], "3": [0.2575, 0.3674999999999999, 0.3, 0.3649999999999999], "4": [0.2024999999999999, 0.0419947506561679, 0.02, 0.04], "5": [1.5199999999999998, 0.7050000000000001, 0.085, 0.3649999999999999], "6": [0.5399999999999999, 0.3374999999999999, 0.17, 0.235], "7": [0.5399999999999999, 0.0449999999999999, 0.0997375328083989, 0.13], "8": [0.1749999999999999, 0.17, 0.2362637362637362, 0.265], "9": [0.29, 0.1749999999999999, 0.28, 0.2404092071611253]}}, "all": {"eer": {"0": [], "1": [], "2": [], "3": [], "4": [], "5": [], "6": [], "7": [], "8": [], "9": []}, "minDCF": {"0": [], "1": [], "2": [], "3": [], "4": [], "5": [], "6": [], "7": [], "8": [], "9": []}}}}