{"eval": {"female": {"eer": {"0": [], "1": [], "2": [], "3": [], "4": [], "5": [], "6": [], "7": [], "8": [], "9": []}, "minDCF": {"0": [], "1": [], "2": [], "3": [], "4": [], "5": [], "6": [], "7": [], "8": [], "9": []}}, "male": {"eer": {"0": [16.79790026246719], "1": [3.25], "2": [9.499999999999996], "3": [15.000000000000002], "4": [5.25], "5": [17.25], "6": [5.75], "7": [7.5], "8": [9.999999999999998], "9": [8.75]}, "minDCF": {"0": [0.4251968503937008], "1": [0.0874999999999989], "2": [0.295], "3": [0.315], "4": [0.147499999999999], "5": [0.56], "6": [0.327499999999999], "7": [0.372499999999999], "8": [0.372499999999999], "9": [0.207499999999999]}}, "all": {"eer": {"0": [], "1": [], "2": [], "3": [], "4": [], "5": [], "6": [], "7": [], "8": [], "9": []}, "minDCF": {"0": [], "1": [], "2": [], "3": [], "4": [], "5": [], "6": [], "7": [], "8": [], "9": []}}}}