{"eval": {"female": {"eer": {"0": [], "1": [], "2": [], "3": [], "4": [], "5": [], "6": [], "7": [], "8": [], "9": []}, "minDCF": {"0": [], "1": [], "2": [], "3": [], "4": [], "5": [], "6": [], "7": [], "8": [], "9": []}}, "male": {"eer": {"0": [13.298337707786525], "1": [4.000000000000001], "2": [6.583333333333333], "3": [13.166666666666666], "4": [4.333333333333335], "5": [17.583333333333332], "6": [7.583333333333331], "7": [9.333333333333332], "8": [9.999999999999998], "9": [7.499999999999999]}, "minDCF": {"0": [0.4155730533683286], "1": [0.13666666666666594], "2": [0.15999999999999995], "3": [0.3449999999999999], "4": [0.15583333333333302], "5": [0.6024999999999997], "6": [0.3041666666666663], "7": [0.3699999999999993], "8": [0.33083333333333304], "9": [0.210833333333333]}}, "all": {"eer": {"0": [], "1": [], "2": [], "3": [], "4": [], "5": [], "6": [], "7": [], "8": [], "9": []}, "minDCF": {"0": [], "1": [], "2": [], "3": [], "4": [], "5": [], "6": [], "7": [], "8": [], "9": []}}}}