{"eval": {"female": {"eer": {"0": [], "1": [], "2": [], "3": [], "4": [], "5": [], "6": [], "7": [], "8": [], "9": []}, "minDCF": {"0": [], "1": [], "2": [], "3": [], "4": [], "5": [], "6": [], "7": [], "8": [], "9": []}}, "male": {"eer": {"0": [13.298337707786525, 9.83333333333333, 4.000000000000001, 4.083333333333337, 3.0000000000000018], "1": [4.000000000000001, 3.0, 1.2500000000000007, 0.33333333333333365, 1.3333333333333346], "2": [6.583333333333333, 3.1666666666666683, 1.6666666666666667, 0.9166666666666666, 0.5833333333333336], "3": [13.166666666666666, 5.249999999999998, 9.583333333333334, 2.2500000000000004, 6.416666666666668], "4": [4.333333333333335, 3.6666666666666674, 0.3499562554680664, 0.16666666666666666, 0.3333333333333335], "5": [17.583333333333332, 12.083333333333334, 13.916666666666666, 4.416666666666667, 6.25], "6": [7.583333333333331, 16.416666666666668, 6.999999999999996, 1.6666666666666679, 2.0833333333333344], "7": [9.333333333333332, 4.083333333333336, 1.3333333333333346, 0.9623797025371856, 3.416666666666668], "8": [9.999999999999998, 2.3333333333333335, 1.7500000000000009, 0.9157509157509162, 2.3333333333333344], "9": [7.499999999999999, 5.333333333333335, 2.833333333333334, 0.8333333333333336, 1.9636260301221935]}, "minDCF": {"0": [0.4155730533683286, 0.4183333333333334, 0.18999999999999936, 0.15, 0.09500000000000001], "1": [0.13666666666666594, 0.085, 0.03833333333333333, 0.018333333333333302, 0.035], "2": [0.15999999999999995, 0.09083333333333297, 0.14083333333333295, 0.024999999999999998, 0.01], "3": [0.3449999999999999, 0.23499999999999932, 0.2916666666666667, 0.0891666666666663, 0.15333333333333332], "4": [0.15583333333333302, 0.11666666666666664, 0.017497812773403267, 0.0033333333333333335, 0.008333333333333333], "5": [0.6024999999999997, 0.36916666666666637, 0.3224999999999996, 0.17083333333333298, 0.22749999999999967], "6": [0.3041666666666663, 0.3991666666666663, 0.22249999999999967, 0.05333333333333331, 0.05916666666666629], "7": [0.3699999999999993, 0.2774999999999997, 0.0791666666666663, 0.0524934383202099, 0.07666666666666667], "8": [0.33083333333333304, 0.049999999999999996, 0.09499999999999927, 0.0146520146520146, 0.07666666666666666], "9": [0.210833333333333, 0.19499999999999998, 0.1391666666666663, 0.025000000000000005, 0.058865062189870275]}}, "all": {"eer": {"0": [], "1": [], "2": [], "3": [], "4": [], "5": [], "6": [], "7": [], "8": [], "9": []}, "minDCF": {"0": [], "1": [], "2": [], "3": [], "4": [], "5": [], "6": [], "7": [], "8": [], "9": []}}}}