{"eval": {"female": {"eer": {"0": [], "1": [], "2": [], "3": [], "4": [], "5": [], "6": [], "7": [], "8": [], "9": []}, "minDCF": {"0": [], "1": [], "2": [], "3": [], "4": [], "5": [], "6": [], "7": [], "8": [], "9": []}}, "male": {"eer": {"0": [20.122484689413824, 11.583333333333334, 5.416666666666667, 5.5, 3.7916666666666665], "1": [13.083333333333334, 2.7083333333333335, 1.7083333333333333, 2.5833333333333335, 5.5], "2": [7.416666666666667, 2.9583333333333335, 1.625, 6.333333333333333, 4.666666666666667], "3": [15.291666666666666, 5.75, 10.958333333333334, 9.916666666666666, 12.833333333333334], "4": [5.25, 4.333333333333333, 0.6999125109361332, 0.20833333333333334, 0.9583333333333334], "5": [21.083333333333332, 17.666666666666668, 13.75, 4.166666666666667, 10.541666666666666], "6": [11.125, 18.958333333333332, 7.791666666666667, 2.5833333333333335, 5.5], "7": [25.208333333333332, 11.166666666666666, 3.3333333333333335, 1.574803149606299, 4.166666666666667], "8": [13.291666666666666, 2.9166666666666665, 2.75, 2.7472527472527477, 7.0], "9": [19.291666666666668, 5.458333333333333, 4.125, 4.083333333333333, 9.803921568627452]}, "minDCF": {"0": [0.6246719160104987, 0.8783333333333333, 0.33416666666666667, 0.18499999999999997, 0.16166666666666663], "1": [0.585, 0.1125, 0.11, 0.1716666666666666, 0.22499999999999998], "2": [0.2316666666666666, 0.12416666666666663, 0.18416666666666662, 0.245, 0.19499999999999998], "3": [0.6766666666666666, 0.31083333333333335, 0.34583333333333327, 0.315, 0.3716666666666666], "4": [0.21666666666666667, 0.23833333333333329, 0.03499562554680657, 0.028333333333333335, 0.08666666666666667], "5": [2.0425, 1.9933333333333332, 1.2225, 0.4041666666666666, 0.3183333333333333], "6": [0.36833333333333335, 0.8724999999999999, 0.3391666666666666, 0.17333333333333334, 0.285], "7": [1.76, 0.8683333333333333, 0.18333333333333326, 0.08573928258967622, 0.15333333333333335], "8": [0.4466666666666667, 0.12833333333333327, 0.1775, 0.2234432234432234, 0.26833333333333337], "9": [0.6791666666666666, 0.25666666666666665, 0.20499999999999996, 0.24333333333333332, 0.28815004262574595]}}, "all": {"eer": {"0": [], "1": [], "2": [], "3": [], "4": [], "5": [], "6": [], "7": [], "8": [], "9": []}, "minDCF": {"0": [], "1": [], "2": [], "3": [], "4": [], "5": [], "6": [], "7": [], "8": [], "9": []}}}}