{"eval": {"female": {"eer": {"0": [], "1": [], "2": [], "3": [], "4": [], "5": [], "6": [], "7": [], "8": [], "9": []}, "minDCF": {"0": [], "1": [], "2": [], "3": [], "4": [], "5": [], "6": [], "7": [], "8": [], "9": []}}, "male": {"eer": {"0": [20.122484689413824], "1": [13.083333333333334], "2": [7.416666666666667], "3": [15.291666666666666], "4": [5.25], "5": [21.083333333333332], "6": [11.125], "7": [25.208333333333332], "8": [13.291666666666666], "9": [19.291666666666668]}, "minDCF": {"0": [0.6246719160104987], "1": [0.585], "2": [0.2316666666666666], "3": [0.6766666666666666], "4": [0.21666666666666667], "5": [2.0425], "6": [0.36833333333333335], "7": [1.76], "8": [0.4466666666666667], "9": [0.6791666666666666]}}, "all": {"eer": {"0": [], "1": [], "2": [], "3": [], "4": [], "5": [], "6": [], "7": [], "8": [], "9": []}, "minDCF": {"0": [], "1": [], "2": [], "3": [], "4": [], "5": [], "6": [], "7": [], "8": [], "9": []}}}}