{"female": {"eer": 0.2866666666666667, "minDCF": 0.01514421768707469}, "male": {"eer": 0.2585034013605436, "minDCF": 0.015517006802720392}, "all": {"eer": 0.21333333333333335, "minDCF": 0.014438367346939597}}