{"female": [0.6284106969833374, 0.6869909167289734], "male": [0.6018482446670532, 0.6515363454818726], "all": [0.5985410213470459, 0.6422204971313477]}