{"female": {"eer": 11.687074829931976, "minDCF": 0.8664897959183667}, "male": {"eer": 13.426666666666668, "minDCF": 0.9021744897959177}, "all": {"eer": 13.010666666666667, "minDCF": 0.9019863945578227}}