{"female": [0.7011104822158813, 0.8023579120635986], "male": [0.6720751523971558, 0.8064948320388794], "all": [0.6777635216712952, 0.8054688572883606]}