{"female": {"eer": 1.1428571428571455, "minDCF": 0.08262176870748272}, "male": {"eer": 0.8933333333333333, "minDCF": 0.054776530612245154}, "all": {"eer": 0.752, "minDCF": 0.05350802721088333}}