{"female": [0.69951993227005, 0.7623953819274902], "male": [0.6329440474510193, 0.7097797393798828], "all": [0.6345402002334595, 0.7083797454833984]}