{"female": {"eer": 0.040816326530612734, "minDCF": 0.0019469387755100642}, "male": {"eer": 0.07166666666666667, "minDCF": 0.005178231292516868}, "all": {"eer": 0.06266666666666666, "minDCF": 0.002474285714286474}}