{"female": [0.7635853290557861, 0.7730145454406738], "male": [0.6757546663284302, 0.7338062524795532], "all": [0.6818749308586121, 0.7172262072563171]}