{"female": {"eer": 0.013333333333333334, "minDCF": 0.00027210884353741496}, "male": {"eer": 0.065, "minDCF": 0.004825170068027001}, "all": {"eer": 0.05170068027210428, "minDCF": 0.003253061224489656}}