{"female": [0.7692126631736755, 0.776382565498352], "male": [0.7162572145462036, 0.7461804747581482], "all": [0.7154361009597778, 0.7418510913848877]}