{"eval": {"female": {"eer": {"0": [], "1": [], "2": [], "3": [], "4": [], "5": [], "6": [], "7": [], "8": [], "9": []}, "minDCF": {"0": [], "1": [], "2": [], "3": [], "4": [], "5": [], "6": [], "7": [], "8": [], "9": []}}, "male": {"eer": {"0": [9.444444444444445, 12.5, 12.22222222222222, 19.444444444444446], "1": [5.416666666666667, 11.38888888888889, 9.444444444444445, 4.583333333333333], "2": [5.277777777777778, 7.222222222222221, 3.75, 3.333333333333333], "3": [6.111111111111111, 7.777777777777778, 7.638888888888889, 9.72222222222222], "4": [23.194444444444446, 20.175438596491222, 20.27777777777778, 20.416666666666668], "5": [10.97222222222222, 17.083333333333332, 12.777777777777777, 14.02777777777778], "6": [10.13888888888889, 4.444444444444445, 8.055555555555555, 4.305555555555555], "7": [9.86111111111111, 7.638888888888889, 6.871345029239766, 8.333333333333332], "8": [15.277777777777777, 12.777777777777777, 15.184049079754605, 8.472222222222223], "9": [11.38888888888889, 9.722222222222223, 11.11111111111111, 9.118541033434653]}, "minDCF": {"0": [0.3499999999999999, 0.7972222222222222, 0.4222222222222222, 0.95], "1": [0.0388888888888888, 0.5277777777777777, 0.3333333333333332, 0.0583333333333333], "2": [0.3277777777777778, 0.1861111111111111, 0.3416666666666666, 0.3277777777777777], "3": [0.8583333333333333, 0.6333333333333332, 0.4111111111111111, 0.7666666666666666], "4": [1.6277777777777775, 1.2777777777777777, 1.9527777777777775, 2.0638888888888887], "5": [0.8277777777777778, 1.2638888888888888, 1.2138888888888888, 1.9527777777777775], "6": [0.7250000000000001, 0.3472222222222221, 0.6861111111111109, 0.2333333333333333], "7": [0.3166666666666666, 0.7916666666666666, 0.4502923976608186, 0.8444444444444444], "8": [1.147222222222222, 1.394444444444444, 2.3619631901840488, 0.7916666666666666], "9": [1.1249999999999998, 0.697222222222222, 0.9027777777777776, 0.4703213852150021]}}, "all": {"eer": {"0": [], "1": [], "2": [], "3": [], "4": [], "5": [], "6": [], "7": [], "8": [], "9": []}, "minDCF": {"0": [], "1": [], "2": [], "3": [], "4": [], "5": [], "6": [], "7": [], "8": [], "9": []}}}}