{"eval": {"female": {"eer": {"0": [], "1": [], "2": [], "3": [], "4": [], "5": [], "6": [], "7": [], "8": [], "9": []}, "minDCF": {"0": [], "1": [], "2": [], "3": [], "4": [], "5": [], "6": [], "7": [], "8": [], "9": []}}, "male": {"eer": {"0": [3.611111111111111, 7.5, 2.2222222222222223, 11.944444444444445], "1": [1.3888888888888888, 3.4722222222222223, 0.8333333333333334, 0.6944444444444444], "2": [1.25, 1.8055555555555556, 0.6944444444444444, 2.361111111111111], "3": [1.388888888888889, 1.8055555555555556, 2.083333333333333, 4.305555555555555], "4": [13.055555555555555, 9.941520467836256, 10.13888888888889, 12.083333333333334], "5": [3.75, 7.777777777777778, 2.9166666666666665, 3.4722222222222223], "6": [8.333333333333332, 2.361111111111111, 5.833333333333333, 1.5277777777777777], "7": [2.361111111111111, 3.611111111111111, 0.2923976608187134, 1.8055555555555556], "8": [4.166666666666666, 4.444444444444445, 5.368098159509203, 1.5277777777777777], "9": [4.583333333333333, 2.638888888888889, 3.611111111111111, 0.8333333333333334]}, "minDCF": {"0": [0.0805555555555555, 0.1111111111111111, 0.0, 0.2638888888888888], "1": [0.0388888888888888, 0.0, 0.0166666666666666, 0.0055555555555555], "2": [0.1055555555555555, 0.0277777777777777, 0.0833333333333333, 0.0638888888888888], "3": [0.0666666666666666, 0.1222222222222222, 0.1944444444444444, 0.1333333333333333], "4": [0.5138888888888888, 0.1666666666666666, 0.3694444444444444, 0.2166666666666666], "5": [0.0833333333333333, 0.1555555555555555, 0.1055555555555555, 0.2638888888888888], "6": [0.2611111111111111, 0.1361111111111111, 0.1055555555555555, 0.0277777777777777], "7": [0.0583333333333333, 0.0527777777777777, 0.0058479532163742, 0.0527777777777777], "8": [0.0444444444444444, 0.0166666666666666, 0.3220858895705521, 0.0527777777777777], "9": [0.2805555555555555, 0.0111111111111111, 0.1111111111111111, 0.0666666666666666]}}, "all": {"eer": {"0": [], "1": [], "2": [], "3": [], "4": [], "5": [], "6": [], "7": [], "8": [], "9": []}, "minDCF": {"0": [], "1": [], "2": [], "3": [], "4": [], "5": [], "6": [], "7": [], "8": [], "9": []}}}}