{"eval": {"female": {"eer": {"0": [], "1": [], "2": [], "3": [], "4": [], "5": [], "6": [], "7": [], "8": [], "9": []}, "minDCF": {"0": [], "1": [], "2": [], "3": [], "4": [], "5": [], "6": [], "7": [], "8": [], "9": []}}, "male": {"eer": {"0": [1.1111111111111072, 0.5555555555555536, 0.0, 0.5555555555555556], "1": [1.6666666666666718, 0.0, 0.5555555555555536, 0.0], "2": [0.5555555555555556, 0.5555555555555536, 0.5555555555555536, 0.5555555555555556], "3": [1.1111111111111072, 1.1111111111111072, 2.5, 5.555555555555558], "4": [3.888888888888889, 0.0, 0.5555555555555536, 0.5555555555555536], "5": [1.6666666666666718, 6.666666666666665, 0.2777777777777778, 1.1111111111111072], "6": [8.055555555555555, 1.6666666666666718, 0.0, 0.5555555555555536], "7": [0.2777777777777778, 0.0, 0.0, 0.0], "8": [1.6666666666666718, 0.0, 1.8404907975460127, 0.5555555555555536], "9": [1.3888888888888888, 0.0, 0.5555555555555556, 1.6666666666666718]}, "minDCF": {"0": [0.0333333333333333, 0.0055555555555555, 0.0, 0.0583333333333331], "1": [0.0166666666666666, 0.0, 0.0055555555555555, 0.0], "2": [0.0166666666666666, 0.0055555555555555, 0.0111111111111111, 0.0111111111111111], "3": [0.0388888888888888, 0.0444444444444444, 0.0833333333333333, 0.1], "4": [0.1166666666666666, 0.0, 0.0055555555555555, 0.0111111111111111], "5": [0.0666666666666666, 0.1444444444444444, 0.0222222222222222, 0.0166666666666666], "6": [0.25, 0.0833333333333333, 0.0, 0.0055555555555555], "7": [0.0111111111111111, 0.0, 0.0, 0.0], "8": [0.0333333333333333, 0.0, 0.0306748466257668, 0.0055555555555555], "9": [0.0944444444444444, 0.0, 0.0166666666666666, 0.0333333333333333]}}, "all": {"eer": {"0": [], "1": [], "2": [], "3": [], "4": [], "5": [], "6": [], "7": [], "8": [], "9": []}, "minDCF": {"0": [], "1": [], "2": [], "3": [], "4": [], "5": [], "6": [], "7": [], "8": [], "9": []}}}}