{"eval": {"female": {"eer": {"0": [], "1": [], "2": [], "3": [], "4": [], "5": [], "6": [], "7": [], "8": [], "9": []}, "minDCF": {"0": [], "1": [], "2": [], "3": [], "4": [], "5": [], "6": [], "7": [], "8": [], "9": []}}, "male": {"eer": {"0": [2.777777777777779, 1.6666666666666718, 0.5555555555555556, 1.3888888888888888], "1": [2.2222222222222223, 1.1111111111111112, 1.6666666666666718, 0.8333333333333334], "2": [2.222222222222225, 1.1111111111111112, 2.777777777777779, 1.6666666666666667], "3": [5.000000000000004, 5.555555555555558, 7.222222222222221, 7.777777777777778], "4": [6.666666666666667, 1.1695906432748535, 2.777777777777779, 3.3333333333333326], "5": [5.000000000000004, 10.555555555555552, 0.5555555555555536, 5.555555555555558], "6": [10.555555555555552, 3.888888888888889, 1.9444444444444444, 1.3888888888888888], "7": [1.3888888888888888, 1.1111111111111112, 1.1695906432748535, 0.5555555555555556], "8": [5.555555555555555, 3.888888888888886, 3.987730061349693, 1.1111111111111072], "9": [3.888888888888889, 1.6666666666666718, 2.222222222222225, 3.6036036036036]}, "minDCF": {"0": [0.1611111111111107, 0.1527777777777776, 0.0388888888888888, 0.05], "1": [0.0277777777777777, 0.0555555555555555, 0.0444444444444444, 0.0055555555555555], "2": [0.2888888888888881, 0.0861111111111109, 0.313888888888888, 0.2249999999999994], "3": [0.2611111111111111, 0.3111111111111111, 0.3, 0.2833333333333333], "4": [0.1777777777777777, 0.0847953216374263, 0.1416666666666664, 0.1861111111111109], "5": [0.3777777777777773, 0.3222222222222222, 0.0333333333333333, 0.4277777777777775], "6": [0.3611111111111111, 0.2027777777777775, 0.097222222222222, 0.1805555555555549], "7": [0.0805555555555553, 0.1194444444444442, 0.0964912280701749, 0.0277777777777777], "8": [0.2, 0.280555555555555, 0.1963190184049079, 0.0916666666666664], "9": [0.3611111111111104, 0.1194444444444442, 0.097222222222222, 0.09009009009009]}}, "all": {"eer": {"0": [], "1": [], "2": [], "3": [], "4": [], "5": [], "6": [], "7": [], "8": [], "9": []}, "minDCF": {"0": [], "1": [], "2": [], "3": [], "4": [], "5": [], "6": [], "7": [], "8": [], "9": []}}}}