{"eval": {"female": {"eer": {"0": [], "1": [], "2": [], "3": [], "4": [], "5": [], "6": [], "7": [], "8": [], "9": []}, "minDCF": {"0": [], "1": [], "2": [], "3": [], "4": [], "5": [], "6": [], "7": [], "8": [], "9": []}}, "male": {"eer": {"0": [1.9444444444444444, 1.1111111111111072, 0.5555555555555556, 0.0], "1": [0.0, 0.0, 0.0, 0.0], "2": [1.3888888888888888, 0.0, 0.5555555555555556, 2.777777777777779], "3": [0.5555555555555536, 2.777777777777779, 1.6666666666666718, 3.888888888888886], "4": [1.6666666666666718, 0.0, 0.0, 1.1111111111111072], "5": [1.1111111111111072, 2.222222222222225, 0.0, 0.8333333333333334], "6": [4.444444444444439, 1.3888888888888888, 0.5555555555555536, 0.2777777777777778], "7": [0.0, 0.0, 0.0, 0.5555555555555556], "8": [2.222222222222225, 0.0, 0.6134969325153374, 0.5555555555555536], "9": [1.1111111111111112, 0.5555555555555536, 0.5555555555555536, 0.5555555555555536]}, "minDCF": {"0": [0.0277777777777777, 0.05, 0.0388888888888888, 0.0], "1": [0.0, 0.0, 0.0, 0.0], "2": [0.0694444444444442, 0.0, 0.0111111111111111, 0.1749999999999998], "3": [0.0055555555555555, 0.0722222222222222, 0.0555555555555555, 0.0888888888888888], "4": [0.0555555555555555, 0.0, 0.0, 0.0555555555555555], "5": [0.0222222222222222, 0.0555555555555555, 0.0, 0.0722222222222222], "6": [0.0777777777777777, 0.0277777777777777, 0.0055555555555555, 0.0111111111111111], "7": [0.0, 0.0, 0.0, 0.0166666666666666], "8": [0.0277777777777777, 0.0, 0.0245398773006134, 0.0111111111111111], "9": [0.0666666666666666, 0.0055555555555555, 0.0055555555555555, 0.0055555555555555]}}, "all": {"eer": {"0": [], "1": [], "2": [], "3": [], "4": [], "5": [], "6": [], "7": [], "8": [], "9": []}, "minDCF": {"0": [], "1": [], "2": [], "3": [], "4": [], "5": [], "6": [], "7": [], "8": [], "9": []}}}}