{"eval": {"female": {"eer": {"0": [], "1": [], "2": [], "3": [], "4": [], "5": [], "6": [], "7": [], "8": [], "9": []}, "minDCF": {"0": [], "1": [], "2": [], "3": [], "4": [], "5": [], "6": [], "7": [], "8": [], "9": []}}, "male": {"eer": {"0": [2.2222222222222223, 3.194444444444444, 4.027777777777778, 2.361111111111111], "1": [1.6666666666666667, 1.9444444444444444, 0.9722222222222222, 2.7777777777777777], "2": [1.25, 0.1388888888888889, 0.8333333333333334, 1.8055555555555556], "3": [0.5555555555555556, 3.333333333333333, 2.083333333333333, 3.333333333333333], "4": [10.0, 8.771929824561402, 16.666666666666664, 13.47222222222222], "5": [4.861111111111112, 5.0, 3.611111111111111, 4.861111111111112], "6": [4.166666666666666, 2.777777777777778, 2.9166666666666665, 1.1111111111111112], "7": [1.8055555555555556, 2.2222222222222223, 0.7309941520467835, 1.9444444444444444], "8": [1.9444444444444444, 1.8055555555555556, 3.067484662576687, 5.833333333333333], "9": [4.027777777777778, 0.9722222222222222, 2.2222222222222223, 1.9444444444444444]}, "minDCF": {"0": [0.1055555555555555, 0.0916666666666666, 0.0694444444444444, 0.0], "1": [0.0055555555555555, 0.0527777777777777, 0.0055555555555555, 0.0111111111111111], "2": [0.1222222222222222, 0.0166666666666666, 0.05, 0.3166666666666666], "3": [0.0722222222222222, 0.1388888888888889, 0.1277777777777777, 0.1166666666666666], "4": [0.6916666666666665, 0.1666666666666666, 0.475, 0.4861111111111111], "5": [0.0333333333333333, 0.3444444444444443, 0.0, 0.1694444444444444], "6": [0.1555555555555555, 0.0666666666666666, 0.0111111111111111, 0.0638888888888888], "7": [0.0055555555555555, 0.0, 0.0, 0.0277777777777777], "8": [0.0833333333333333, 0.0527777777777777, 0.0245398773006134, 0.1638888888888888], "9": [0.0777777777777777, 0.0111111111111111, 0.0527777777777777, 0.0111111111111111]}}, "all": {"eer": {"0": [], "1": [], "2": [], "3": [], "4": [], "5": [], "6": [], "7": [], "8": [], "9": []}, "minDCF": {"0": [], "1": [], "2": [], "3": [], "4": [], "5": [], "6": [], "7": [], "8": [], "9": []}}}}