{"eval": {"female": {"eer": {"0": [], "1": [], "2": [], "3": [], "4": [], "5": [], "6": [], "7": [], "8": [], "9": []}, "minDCF": {"0": [], "1": [], "2": [], "3": [], "4": [], "5": [], "6": [], "7": [], "8": [], "9": []}}, "male": {"eer": {"0": [4.444444444444445, 3.888888888888889, 2.5, 1.1111111111111112], "1": [1.1111111111111072, 0.0, 2.222222222222225, 1.6666666666666718], "2": [3.055555555555556, 0.5555555555555556, 3.055555555555556, 6.111111111111111], "3": [4.166666666666666, 8.88888888888889, 5.555555555555558, 6.111111111111112], "4": [2.222222222222225, 2.3391812865497075, 0.8333333333333334, 4.722222222222222], "5": [5.555555555555558, 6.388888888888888, 3.055555555555556, 7.222222222222219], "6": [6.944444444444445, 2.777777777777779, 2.2222222222222223, 1.1111111111111112], "7": [1.1111111111111112, 1.1111111111111112, 0.5847953216374269, 2.5], "8": [5.555555555555555, 2.222222222222225, 3.6809815950920255, 1.6666666666666667], "9": [5.833333333333333, 1.6666666666666667, 1.1111111111111072, 1.82370820668693]}, "minDCF": {"0": [0.3083333333333327, 0.1222222222222222, 0.1361111111111109, 0.0611111111111111], "1": [0.0555555555555555, 0.0, 0.1027777777777776, 0.0555555555555555], "2": [0.2638888888888887, 0.0166666666666666, 0.2138888888888887, 0.3388888888888884], "3": [0.3444444444444436, 0.5027777777777768, 0.2833333333333329, 0.3305555555555549], "4": [0.0888888888888888, 0.1695906432748537, 0.0749999999999998, 0.3055555555555552], "5": [0.3444444444444444, 0.2249999999999998, 0.1305555555555553, 0.3694444444444442], "6": [0.3, 0.2, 0.1805555555555553, 0.144444444444444], "7": [0.1305555555555553, 0.0166666666666666, 0.0730994152046778, 0.1138888888888886], "8": [0.1361111111111109, 0.0611111111111111, 0.1042944785276073, 0.1027777777777776], "9": [0.4111111111111107, 0.0555555555555555, 0.0805555555555553, 0.1201201201201201]}}, "all": {"eer": {"0": [], "1": [], "2": [], "3": [], "4": [], "5": [], "6": [], "7": [], "8": [], "9": []}, "minDCF": {"0": [], "1": [], "2": [], "3": [], "4": [], "5": [], "6": [], "7": [], "8": [], "9": []}}}}