{"eval": {"female": {"eer": {"0": [], "1": [], "2": [], "3": [], "4": [], "5": [], "6": [], "7": [], "8": [], "9": []}, "minDCF": {"0": [], "1": [], "2": [], "3": [], "4": [], "5": [], "6": [], "7": [], "8": [], "9": []}}, "male": {"eer": {"0": [9.027777777777777, 13.194444444444445, 11.666666666666666, 10.833333333333334], "1": [5.277777777777778, 7.638888888888889, 10.416666666666668, 7.777777777777778], "2": [4.027777777777778, 2.638888888888889, 4.722222222222222, 7.777777777777778], "3": [7.222222222222221, 9.583333333333332, 7.083333333333333, 8.888888888888888], "4": [17.77777777777778, 16.95906432748538, 26.38888888888889, 24.58333333333333], "5": [12.916666666666668, 16.52777777777778, 16.666666666666664, 14.722222222222223], "6": [7.638888888888889, 5.555555555555556, 5.0, 7.083333333333333], "7": [5.0, 7.361111111111112, 5.847953216374268, 7.5], "8": [7.5, 11.25, 10.582822085889571, 12.5], "9": [10.0, 7.777777777777778, 11.25, 11.702127659574469]}, "minDCF": {"0": [0.5333333333333333, 0.7777777777777778, 0.861111111111111, 0.4222222222222222], "1": [0.1638888888888888, 0.1583333333333333, 0.7972222222222222, 0.3222222222222221], "2": [0.386111111111111, 0.0694444444444444, 0.5777777777777777, 0.686111111111111], "3": [0.5999999999999999, 0.6666666666666666, 0.7083333333333333, 0.4861111111111111], "4": [1.377777777777777, 1.1666666666666663, 2.375, 3.1777777777777776], "5": [1.4999999999999998, 2.180555555555556, 1.9527777777777775, 2.702777777777777], "6": [0.5194444444444444, 0.4888888888888889, 0.6444444444444443, 0.2749999999999999], "7": [0.3222222222222221, 0.7388888888888889, 0.6666666666666666, 0.4499999999999999], "8": [0.1888888888888888, 0.8972222222222221, 1.0736196319018405, 0.4277777777777777], "9": [0.9222222222222222, 0.5388888888888888, 0.8972222222222221, 0.8782734101883038]}}, "all": {"eer": {"0": [], "1": [], "2": [], "3": [], "4": [], "5": [], "6": [], "7": [], "8": [], "9": []}, "minDCF": {"0": [], "1": [], "2": [], "3": [], "4": [], "5": [], "6": [], "7": [], "8": [], "9": []}}}}