{"eval": {"female": {"eer": {"0": [], "1": [], "2": [], "3": [], "4": [], "5": [], "6": [], "7": [], "8": [], "9": []}, "minDCF": {"0": [], "1": [], "2": [], "3": [], "4": [], "5": [], "6": [], "7": [], "8": [], "9": []}}, "male": {"eer": {"0": [5.555555555555555, 2.5, 3.888888888888886, 1.9444444444444444], "1": [1.1111111111111112, 1.1111111111111072, 0.2777777777777778, 1.1111111111111072], "2": [3.333333333333333, 0.5555555555555556, 2.777777777777779, 2.222222222222225], "3": [3.888888888888889, 6.666666666666667, 4.444444444444439, 5.555555555555558], "4": [3.333333333333333, 1.1695906432748535, 1.6666666666666718, 3.333333333333333], "5": [5.555555555555558, 5.555555555555558, 2.777777777777779, 6.666666666666665], "6": [5.555555555555558, 3.888888888888889, 3.3333333333333326, 2.777777777777779], "7": [0.2777777777777778, 1.6666666666666667, 2.3391812865497075, 2.7777777777777777], "8": [5.000000000000004, 2.222222222222225, 3.987730061349693, 1.9444444444444444], "9": [4.444444444444439, 2.222222222222225, 1.6666666666666718, 1.8018018018018056]}, "minDCF": {"0": [0.2611111111111111, 0.1, 0.1888888888888888, 0.05], "1": [0.1083333333333331, 0.0222222222222222, 0.0111111111111111, 0.0555555555555555], "2": [0.2861111111111109, 0.0166666666666666, 0.1361111111111109, 0.2305555555555549], "3": [0.3833333333333326, 0.2583333333333331, 0.2055555555555552, 0.2999999999999996], "4": [0.1805555555555553, 0.1754385964912291, 0.0833333333333333, 0.3388888888888884], "5": [0.2694444444444442, 0.2944444444444444, 0.0611111111111111, 0.1888888888888888], "6": [0.2777777777777778, 0.2277777777777777, 0.147222222222222, 0.1555555555555555], "7": [0.0527777777777775, 0.0277777777777777, 0.0994152046783625, 0.0944444444444444], "8": [0.1638888888888887, 0.2361111111111105, 0.3220858895705518, 0.1], "9": [0.247222222222222, 0.0861111111111109, 0.0666666666666666, 0.036036036036036]}}, "all": {"eer": {"0": [], "1": [], "2": [], "3": [], "4": [], "5": [], "6": [], "7": [], "8": [], "9": []}, "minDCF": {"0": [], "1": [], "2": [], "3": [], "4": [], "5": [], "6": [], "7": [], "8": [], "9": []}}}}