{"eval": {"female": {"eer": {"0": [], "1": [], "2": [], "3": [], "4": [], "5": [], "6": [], "7": [], "8": [], "9": []}, "minDCF": {"0": [], "1": [], "2": [], "3": [], "4": [], "5": [], "6": [], "7": [], "8": [], "9": []}}, "male": {"eer": {"0": [10.27777777777778, 8.75, 14.166666666666666, 9.305555555555555], "1": [6.388888888888888, 11.944444444444445, 8.333333333333332, 7.777777777777778], "2": [2.7777777777777777, 3.888888888888889, 3.611111111111111, 6.805555555555555], "3": [9.305555555555555, 8.472222222222223, 10.0, 7.916666666666666], "4": [18.194444444444443, 21.929824561403507, 18.88888888888889, 20.13888888888889], "5": [11.38888888888889, 14.305555555555555, 13.194444444444445, 14.02777777777778], "6": [5.0, 6.944444444444445, 3.888888888888889, 5.416666666666667], "7": [6.805555555555555, 11.11111111111111, 9.35672514619883, 6.944444444444445], "8": [11.111111111111112, 14.722222222222223, 12.116564417177914, 13.750000000000002], "9": [8.61111111111111, 9.583333333333334, 15.694444444444445, 16.565349544072948]}, "minDCF": {"0": [0.6638888888888889, 0.4555555555555555, 1.0833333333333333, 0.2805555555555555], "1": [0.2638888888888888, 0.3166666666666666, 0.4222222222222222, 0.2694444444444444], "2": [0.3999999999999999, 0.0166666666666666, 0.3138888888888888, 0.5972222222222221], "3": [0.5722222222222221, 0.6444444444444444, 0.6777777777777777, 0.3749999999999999], "4": [1.272222222222222, 1.0, 2.058333333333333, 2.375], "5": [1.311111111111111, 1.347222222222222, 0.9194444444444444, 1.922222222222222], "6": [0.3749999999999999, 0.5694444444444444, 0.4555555555555555, 0.5444444444444443], "7": [0.4222222222222222, 0.95, 0.5555555555555555, 0.561111111111111], "8": [0.5, 1.9, 1.0797546012269936, 0.5444444444444443], "9": [0.7777777777777778, 0.7388888888888889, 1.5833333333333333, 1.3282674772036474]}}, "all": {"eer": {"0": [], "1": [], "2": [], "3": [], "4": [], "5": [], "6": [], "7": [], "8": [], "9": []}, "minDCF": {"0": [], "1": [], "2": [], "3": [], "4": [], "5": [], "6": [], "7": [], "8": [], "9": []}}}}