{"eval": {"female": {"eer": {"0": [], "1": [], "2": [], "3": [], "4": [], "5": [], "6": [], "7": [], "8": [], "9": []}, "minDCF": {"0": [], "1": [], "2": [], "3": [], "4": [], "5": [], "6": [], "7": [], "8": [], "9": []}}, "male": {"eer": {"0": [2.5, 0.8333333333333334, 0.5555555555555556, 0.5555555555555556], "1": [0.0, 0.0, 0.0, 0.5555555555555556], "2": [0.0, 0.0, 0.0, 0.5555555555555536], "3": [1.1111111111111072, 3.333333333333333, 1.1111111111111112, 3.888888888888886], "4": [1.6666666666666718, 0.0, 0.0, 0.0], "5": [1.1111111111111072, 2.5, 1.1111111111111072, 1.3888888888888888], "6": [3.888888888888886, 2.5, 1.1111111111111072, 0.5555555555555536], "7": [0.0, 0.0, 0.5847953216374269, 1.1111111111111072], "8": [2.222222222222225, 0.0, 1.2269938650306789, 0.5555555555555556], "9": [1.9444444444444444, 0.0, 0.5555555555555536, 0.5555555555555556]}, "minDCF": {"0": [0.0666666666666666, 0.0055555555555555, 0.0222222222222222, 0.0166666666666666], "1": [0.0, 0.0, 0.0, 0.0055555555555555], "2": [0.0, 0.0, 0.0, 0.0222222222222222], "3": [0.097222222222222, 0.0888888888888888, 0.0333333333333333, 0.0944444444444444], "4": [0.1249999999999997, 0.0, 0.0, 0.0], "5": [0.0388888888888888, 0.0777777777777777, 0.0166666666666666, 0.0222222222222222], "6": [0.0944444444444444, 0.0916666666666664, 0.0111111111111111, 0.0388888888888888], "7": [0.0, 0.0, 0.0526315789473684, 0.0166666666666666], "8": [0.0722222222222222, 0.0, 0.0674846625766871, 0.0333333333333333], "9": [0.0388888888888888, 0.0, 0.0055555555555555, 0.0166666666666666]}}, "all": {"eer": {"0": [], "1": [], "2": [], "3": [], "4": [], "5": [], "6": [], "7": [], "8": [], "9": []}, "minDCF": {"0": [], "1": [], "2": [], "3": [], "4": [], "5": [], "6": [], "7": [], "8": [], "9": []}}}}