{"eval": {"female": {"eer": {"0": [], "1": [], "2": [], "3": [], "4": [], "5": [], "6": [], "7": [], "8": [], "9": []}, "minDCF": {"0": [], "1": [], "2": [], "3": [], "4": [], "5": [], "6": [], "7": [], "8": [], "9": []}}, "male": {"eer": {"0": [4.722222222222222, 2.9166666666666665, 3.75, 2.361111111111111], "1": [1.6666666666666667, 1.5277777777777777, 0.6944444444444444, 1.9444444444444444], "2": [0.2777777777777778, 0.1388888888888889, 0.4166666666666667, 1.9444444444444444], "3": [2.7777777777777777, 3.333333333333333, 1.527777777777778, 3.194444444444444], "4": [8.194444444444445, 12.719298245614036, 10.13888888888889, 10.694444444444445], "5": [2.7777777777777777, 5.694444444444445, 3.888888888888889, 4.166666666666666], "6": [4.305555555555555, 4.027777777777778, 2.2222222222222223, 3.194444444444444], "7": [3.333333333333333, 1.9444444444444444, 1.9005847953216373, 1.8055555555555556], "8": [2.9166666666666665, 5.694444444444445, 2.607361963190184, 4.027777777777778], "9": [3.611111111111111, 1.25, 3.611111111111111, 4.166666666666666]}, "minDCF": {"0": [0.0833333333333333, 0.0333333333333333, 0.0277777777777777, 0.0694444444444444], "1": [0.0, 0.0, 0.0, 0.0583333333333333], "2": [0.0888888888888888, 0.0166666666666666, 0.05, 0.0694444444444444], "3": [0.0972222222222222, 0.1166666666666666, 0.0444444444444444, 0.1111111111111111], "4": [0.3333333333333332, 0.3333333333333333, 0.1583333333333333, 0.3694444444444444], "5": [0.0444444444444444, 0.1333333333333333, 0.0222222222222222, 0.0222222222222222], "6": [0.2166666666666666, 0.0888888888888888, 0.0333333333333333, 0.0694444444444444], "7": [0.1583333333333333, 0.0, 0.111111111111111, 0.0333333333333333], "8": [0.0777777777777777, 0.1055555555555555, 0.0889570552147239, 0.1222222222222222], "9": [0.0444444444444444, 0.0, 0.1055555555555555, 0.2111111111111111]}}, "all": {"eer": {"0": [], "1": [], "2": [], "3": [], "4": [], "5": [], "6": [], "7": [], "8": [], "9": []}, "minDCF": {"0": [], "1": [], "2": [], "3": [], "4": [], "5": [], "6": [], "7": [], "8": [], "9": []}}}}