{"eval": {"female": {"eer": {"0": [], "1": [], "2": [], "3": [], "4": [], "5": [], "6": [], "7": [], "8": [], "9": []}, "minDCF": {"0": [], "1": [], "2": [], "3": [], "4": [], "5": [], "6": [], "7": [], "8": [], "9": []}}, "male": {"eer": {"0": [5.9454191033138395, 3.518518518518519, 4.537037037037037, 3.3333333333333335, 5.555555555555556], "1": [5.833333333333333, 1.5740740740740742, 2.314814814814815, 0.8333333333333334, 1.8055555555555556], "2": [2.175925925925926, 0.9259259259259259, 0.6944444444444445, 0.6481481481481481, 2.037037037037037], "3": [8.24074074074074, 1.5740740740740742, 2.824074074074074, 1.898148148148148, 3.6111111111111107], "4": [8.935185185185185, 10.416666666666666, 10.477582846003898, 12.314814814814815, 12.083333333333334], "5": [8.888888888888891, 3.7962962962962963, 6.157407407407407, 3.472222222222222, 4.166666666666667], "6": [4.768518518518518, 5.601851851851851, 3.055555555555556, 3.657407407407407, 1.9444444444444444], "7": [1.3888888888888886, 2.5, 2.592592592592593, 0.9746588693957113, 1.8518518518518519], "8": [6.712962962962962, 3.009259259259259, 3.9814814814814814, 3.680981595092025, 3.7962962962962963], "9": [3.1018518518518516, 4.0740740740740735, 1.6203703703703702, 3.1481481481481484, 2.3148148148148144]}, "minDCF": {"0": [0.35087719298245607, 0.08981481481481478, 0.07870370370370368, 0.032407407407407364, 0.11111111111111106], "1": [0.10185185185185185, 0.014814814814814767, 0.017592592592592566, 0.007407407407407367, 0.024999999999999967], "2": [0.19999999999999996, 0.1055555555555555, 0.0203703703703703, 0.061111111111111095, 0.14999999999999994], "3": [0.3666666666666667, 0.07870370370370366, 0.12592592592592589, 0.12222222222222216, 0.12037037037037034], "4": [0.4166666666666667, 0.5129629629629628, 0.22222222222222218, 0.3342592592592592, 0.3574074074074074], "5": [0.27037037037037037, 0.05370370370370366, 0.21111111111111103, 0.04259259259259257, 0.1518518518518518], "6": [0.29259259259259257, 0.21111111111111105, 0.09722222222222217, 0.04999999999999997, 0.05370370370370364], "7": [0.11574074074074074, 0.07407407407407403, 0.017592592592592566, 0.038986354775828395, 0.0379629629629629], "8": [0.23888888888888885, 0.06851851851851846, 0.05833333333333327, 0.1451942740286298, 0.11296296296296289], "9": [0.1333333333333333, 0.1342592592592592, 0.0074074074074074, 0.08981481481481478, 0.09629629629629627]}}, "all": {"eer": {"0": [], "1": [], "2": [], "3": [], "4": [], "5": [], "6": [], "7": [], "8": [], "9": []}, "minDCF": {"0": [], "1": [], "2": [], "3": [], "4": [], "5": [], "6": [], "7": [], "8": [], "9": []}}}}