{"eval": {"female": {"eer": {"0": [], "1": [], "2": [], "3": [], "4": [], "5": [], "6": [], "7": [], "8": [], "9": []}, "minDCF": {"0": [], "1": [], "2": [], "3": [], "4": [], "5": [], "6": [], "7": [], "8": [], "9": []}}, "male": {"eer": {"0": [10.623781676413255, 9.583333333333334, 11.481481481481481, 12.685185185185183, 13.194444444444445], "1": [7.407407407407407, 5.694444444444444, 10.324074074074074, 9.398148148148149, 6.712962962962963], "2": [6.898148148148148, 4.027777777777778, 4.583333333333333, 4.027777777777778, 5.972222222222221], "3": [12.5, 7.546296296296295, 8.611111111111112, 8.24074074074074, 8.84259259259259], "4": [11.388888888888888, 19.722222222222225, 19.688109161793367, 21.85185185185185, 21.712962962962962], "5": [13.00925925925926, 11.759259259259258, 15.972222222222223, 14.212962962962962, 14.259259259259261], "6": [6.527777777777778, 7.592592592592593, 5.648148148148148, 5.648148148148148, 5.601851851851852], "7": [4.722222222222222, 7.222222222222221, 8.703703703703704, 7.358674463937621, 7.592592592592593], "8": [10.601851851851853, 11.296296296296298, 12.916666666666666, 12.627811860940696, 11.574074074074074], "9": [9.027777777777779, 10.0, 9.027777777777779, 12.685185185185185, 12.462006079027356]}, "minDCF": {"0": [0.4317738791423002, 0.5157407407407407, 0.6768518518518518, 0.7888888888888888, 0.5509259259259259], "1": [0.33333333333333326, 0.15555555555555547, 0.3342592592592592, 0.5175925925925925, 0.21666666666666656], "2": [0.3351851851851851, 0.37129629629629624, 0.09074074074074069, 0.411111111111111, 0.537037037037037], "3": [0.4981481481481482, 0.6768518518518517, 0.648148148148148, 0.599074074074074, 0.5425925925925926], "4": [0.5166666666666665, 1.4259259259259256, 1.148148148148148, 2.1287037037037035, 2.5388888888888888], "5": [0.40740740740740744, 1.2129629629629628, 1.5972222222222223, 1.3620370370370367, 2.1925925925925926], "6": [0.45462962962962955, 0.5398148148148149, 0.4685185185185185, 0.5953703703703702, 0.35092592592592586], "7": [0.22499999999999995, 0.35370370370370363, 0.8268518518518517, 0.5575048732943468, 0.6185185185185184], "8": [0.5731481481481482, 0.6120370370370369, 1.3972222222222221, 1.5051124744376276, 0.5879629629629629], "9": [0.4574074074074073, 0.9416666666666665, 0.6583333333333332, 1.1277777777777775, 0.8922874242023178]}}, "all": {"eer": {"0": [], "1": [], "2": [], "3": [], "4": [], "5": [], "6": [], "7": [], "8": [], "9": []}, "minDCF": {"0": [], "1": [], "2": [], "3": [], "4": [], "5": [], "6": [], "7": [], "8": [], "9": []}}}}