{"eval": {"female": {"eer": {"0": [], "1": [], "2": [], "3": [], "4": [], "5": [], "6": [], "7": [], "8": [], "9": []}, "minDCF": {"0": [], "1": [], "2": [], "3": [], "4": [], "5": [], "6": [], "7": [], "8": [], "9": []}}, "male": {"eer": {"0": [10.331384015594542, 4.2592592592592595, 2.685185185185187, 2.3148148148148135, 1.4814814814814816], "1": [3.4259259259259274, 1.4814814814814803, 0.7407407407407395, 1.3888888888888917, 1.2037037037037042], "2": [7.592592592592593, 2.8703703703703716, 0.7407407407407408, 2.8703703703703716, 3.3333333333333344], "3": [11.388888888888888, 4.351851851851854, 7.037037037037038, 5.74074074074074, 6.481481481481482], "4": [7.777777777777778, 4.074074074074075, 1.559454191033138, 1.7592592592592613, 3.7962962962962963], "5": [11.481481481481481, 5.370370370370374, 7.499999999999999, 2.1296296296296293, 6.481481481481481], "6": [6.9444444444444455, 7.685185185185184, 3.518518518518519, 2.5, 1.7592592592592595], "7": [2.962962962962962, 0.9259259259259259, 1.2962962962962965, 1.3645224171539958, 1.9444444444444444], "8": [10.092592592592593, 5.370370370370371, 2.7777777777777786, 3.885480572597137, 1.5740740740740728], "9": [6.574074074074073, 4.7222222222222205, 1.8518518518518545, 1.6666666666666679, 2.409704537364112]}, "minDCF": {"0": [0.3635477582846005, 0.24351851851851816, 0.12499999999999993, 0.12129629629629617, 0.0537037037037037], "1": [0.12592592592592575, 0.06388888888888877, 0.025925925925925897, 0.0527777777777777, 0.038888888888888834], "2": [0.30462962962962925, 0.27962962962962923, 0.0398148148148147, 0.22129629629629588, 0.2648148148148142], "3": [0.3935185185185184, 0.3296296296296291, 0.357407407407407, 0.2629629629629627, 0.3046296296296293], "4": [0.3185185185185182, 0.14907407407407394, 0.1432748538011697, 0.09999999999999985, 0.2768518518518515], "5": [0.4009259259259255, 0.33055555555555527, 0.2805555555555555, 0.0749999999999999, 0.32870370370370344], "6": [0.3759259259259254, 0.31296296296296294, 0.21018518518518506, 0.1416666666666664, 0.1601851851851848], "7": [0.1749999999999999, 0.0879629629629627, 0.0546296296296295, 0.08966861598440506, 0.07870370370370357], "8": [0.41018518518518493, 0.16666666666666655, 0.1925925925925922, 0.207566462167689, 0.098148148148148], "9": [0.298148148148148, 0.33981481481481435, 0.08703703703703687, 0.08148148148148131, 0.08208208208208204]}}, "all": {"eer": {"0": [], "1": [], "2": [], "3": [], "4": [], "5": [], "6": [], "7": [], "8": [], "9": []}, "minDCF": {"0": [], "1": [], "2": [], "3": [], "4": [], "5": [], "6": [], "7": [], "8": [], "9": []}}}}