{"eval": {"female": {"eer": {"0": [], "1": [], "2": [], "3": [], "4": [], "5": [], "6": [], "7": [], "8": [], "9": []}, "minDCF": {"0": [], "1": [], "2": [], "3": [], "4": [], "5": [], "6": [], "7": [], "8": [], "9": []}}, "male": {"eer": {"0": [5.458089668615986, 1.8518518518518505, 0.8333333333333314, 0.3703703703703704, 0.3703703703703704], "1": [2.314814814814815, 0.5555555555555572, 0.0, 0.18518518518518454, 0.1851851851851852], "2": [5.833333333333335, 0.6481481481481481, 0.18518518518518454, 0.37037037037036974, 1.296296296296296], "3": [9.537037037037036, 0.9259259259259226, 2.4074074074074066, 1.7592592592592606, 4.444444444444444], "4": [5.37037037037037, 2.4074074074074105, 0.0, 0.18518518518518454, 0.5555555555555536], "5": [7.407407407407409, 1.2962962962962954, 3.7962962962962963, 0.46296296296296163, 1.1111111111111098], "6": [5.462962962962963, 5.462962962962961, 1.8518518518518536, 0.5555555555555536, 0.46296296296296163], "7": [0.9259259259259264, 0.0925925925925926, 0.0, 0.1949317738791423, 0.5555555555555542], "8": [5.555555555555556, 2.0370370370370403, 0.0, 1.2269938650306764, 0.5555555555555542], "9": [6.851851851851851, 1.4814814814814816, 0.18518518518518454, 0.5555555555555542, 0.925925925925927]}, "minDCF": {"0": [0.2251461988304095, 0.042592592592592536, 0.020370370370370334, 0.020370370370370334, 0.0249999999999999], "1": [0.060185185185185064, 0.005555555555555533, 0.0, 0.0018518518518518335, 0.0018518518518518335], "2": [0.08888888888888884, 0.028703703703703603, 0.0018518518518518335, 0.0074074074074074, 0.06944444444444436], "3": [0.2768518518518518, 0.0472222222222221, 0.06851851851851846, 0.05740740740740736, 0.0944444444444444], "4": [0.23148148148148143, 0.09907407407407394, 0.0, 0.0018518518518518335, 0.0222222222222222], "5": [0.2138888888888888, 0.042592592592592536, 0.09259259259259252, 0.012962962962962933, 0.037037037037037], "6": [0.19351851851851828, 0.1407407407407407, 0.06759259259259247, 0.005555555555555533, 0.018518518518518465], "7": [0.06018518518518507, 0.0037037037037037, 0.0, 0.0175438596491228, 0.011111111111111066], "8": [0.17314814814814805, 0.0444444444444444, 0.0, 0.040899795501022435, 0.016666666666666632], "9": [0.10555555555555551, 0.0666666666666666, 0.0018518518518518335, 0.009259259259259201, 0.018518518518518465]}}, "all": {"eer": {"0": [], "1": [], "2": [], "3": [], "4": [], "5": [], "6": [], "7": [], "8": [], "9": []}, "minDCF": {"0": [], "1": [], "2": [], "3": [], "4": [], "5": [], "6": [], "7": [], "8": [], "9": []}}}}