{"female": {"eer": 0.0, "minDCF": 0.0}, "male": {"eer": 0.005, "minDCF": 0.00010204081632653063}, "all": {"eer": 0.0027210884353756626, "minDCF": 8.163265306122449e-05}}