{"female": [0.8130899667739868, 0.6835850477218628], "male": [0.7090538740158081, 0.7183930277824402], "all": [0.7010983228683472, 0.717411994934082]}