{"female": {"eer": 0.5850340136054455, "minDCF": 0.041186394557823566}, "male": {"eer": 0.3383333333333333, "minDCF": 0.022814625850339262}, "all": {"eer": 0.28571428571428914, "minDCF": 0.02029714285714323}}