{"female": [0.7371993064880371, 0.7847552299499512], "male": [0.6832146644592285, 0.7397928237915039], "all": [0.683385968208313, 0.7358572483062744]}