{"female": {"eer": 0.040816326530612734, "minDCF": 0.002219047619047479}, "male": {"eer": 0.0034013605442195782, "minDCF": 0.0004081632653061225}, "all": {"eer": 0.010884353741491548, "minDCF": 0.00046258503401360547}}