{"female": [0.7485251426696777, 0.7559763193130493], "male": [0.7196860313415527, 0.7494305968284607], "all": [0.7312119007110596, 0.7501475811004639]}