{"female": {"eer": 0.02, "minDCF": 0.003621768707482714}, "male": {"eer": 0.25170068027210446, "minDCF": 0.016827210884353322}, "all": {"eer": 0.2053333333333333, "minDCF": 0.014039727891155594}}