{"female": [0.7454987168312073, 0.7595831751823425], "male": [0.6666736602783203, 0.7334045171737671], "all": [0.6670335531234741, 0.732024073600769]}