{"female": {"eer": 0.4897959183673417, "minDCF": 0.029359183673470242}, "male": {"eer": 0.5866666666666667, "minDCF": 0.028539455782312016}, "all": {"eer": 0.5559999999999999, "minDCF": 0.030639183673469}}