{"female": [0.7356884479522705, 0.775309145450592], "male": [0.6401876211166382, 0.7122708559036255], "all": [0.6478736400604248, 0.7301587462425232]}