{"eval": {"female": {"eer": {"0": [], "1": [], "2": [], "3": [], "4": [], "5": [], "6": [], "7": [], "8": [], "9": []}, "minDCF": {"0": [], "1": [], "2": [], "3": [], "4": [], "5": [], "6": [], "7": [], "8": [], "9": []}}, "male": {"eer": {"0": [4.75, 1.25, 11.75, 9.5], "1": [3.5, 2.75, 1.0, 4.0], "2": [5.0, 0.25, 14.499999999999998, 11.0], "3": [7.5, 15.75, 21.75, 23.0], "4": [4.5, 9.065934065934066, 1.25, 4.75], "5": [8.5, 9.5, 6.0, 12.25], "6": [5.0, 9.0, 9.5, 8.75], "7": [3.5000000000000004, 3.0, 5.46875, 5.250000000000001], "8": [11.75, 2.5, 2.25, 7.5], "9": [4.0, 3.25, 4.25, 6.707317073170732]}, "minDCF": {"0": [0.365, 0.08, 0.3, 0.33], "1": [0.13, 0.21, 0.17, 0.15], "2": [0.49499999999999994, 0.06, 0.49, 0.3499999999999999], "3": [0.4649999999999999, 0.43, 0.57, 0.5], "4": [0.11, 1.203296703296703, 0.3449999999999999, 0.285], "5": [0.7949999999999999, 1.5200000000000002, 0.305, 0.375], "6": [0.48, 0.575, 0.665, 0.5], "7": [0.325, 0.24, 0.1666666666666666, 0.21], "8": [0.49499999999999994, 0.1799999999999999, 0.3, 0.3499999999999999], "9": [0.37499999999999983, 0.23, 0.21, 0.2195121951219512]}}, "all": {"eer": {"0": [], "1": [], "2": [], "3": [], "4": [], "5": [], "6": [], "7": [], "8": [], "9": []}, "minDCF": {"0": [], "1": [], "2": [], "3": [], "4": [], "5": [], "6": [], "7": [], "8": [], "9": []}}}}