{"female": {"eer": 0.0, "minDCF": 0.0}, "male": {"eer": 0.11833333333333333, "minDCF": 0.006719387755101867}, "all": {"eer": 0.096, "minDCF": 0.004774965986395178}}