{"female": [0.6934479475021362, 0.6859778165817261], "male": [0.6367812156677246, 0.6953204870223999], "all": [0.6358987092971802, 0.680435061454773]}