{"eval": {"female": {"eer": {"0": [], "1": [], "2": [], "3": [], "4": [], "5": [], "6": [], "7": [], "8": [], "9": []}, "minDCF": {"0": [], "1": [], "2": [], "3": [], "4": [], "5": [], "6": [], "7": [], "8": [], "9": []}}, "male": {"eer": {"0": [3.3333333333333326, 0.8333333333333334, 3.888888888888889, 2.222222222222225], "1": [1.6666666666666718, 0.5555555555555556, 1.3888888888888888, 0.5555555555555556], "2": [3.611111111111111, 0.5555555555555536, 2.5, 2.777777777777779], "3": [4.444444444444445, 9.444444444444445, 5.833333333333333, 10.555555555555555], "4": [3.055555555555556, 2.92397660818714, 1.1111111111111072, 2.2222222222222223], "5": [5.555555555555558, 9.444444444444445, 2.777777777777779, 7.222222222222221], "6": [5.000000000000004, 4.444444444444439, 2.222222222222225, 1.6666666666666718], "7": [1.1111111111111072, 1.3888888888888888, 2.3391812865497075, 2.777777777777779], "8": [7.5, 1.6666666666666718, 2.4539877300613497, 2.7777777777777777], "9": [5.000000000000004, 1.9444444444444444, 2.222222222222225, 3.343465045592705]}, "minDCF": {"0": [0.1777777777777777, 0.0055555555555555, 0.1361111111111109, 0.0666666666666666], "1": [0.05, 0.0611111111111111, 0.0277777777777777, 0.0111111111111111], "2": [0.2611111111111111, 0.0333333333333333, 0.1638888888888887, 0.2666666666666659], "3": [0.3527777777777772, 0.2416666666666664, 0.2805555555555554, 0.3777777777777777], "4": [0.1277777777777777, 0.1315789473684205, 0.1166666666666662, 0.2027777777777775], "5": [0.2861111111111109, 0.3805555555555553, 0.2805555555555554, 0.3999999999999996], "6": [0.2444444444444444, 0.4055555555555548, 0.147222222222222, 0.241666666666666], "7": [0.0277777777777777, 0.0833333333333333, 0.0994152046783625, 0.1361111111111109], "8": [0.2527777777777776, 0.1, 0.2730061349693248, 0.0722222222222222], "9": [0.4444444444444441, 0.1249999999999997, 0.1388888888888889, 0.036036036036036]}}, "all": {"eer": {"0": [], "1": [], "2": [], "3": [], "4": [], "5": [], "6": [], "7": [], "8": [], "9": []}, "minDCF": {"0": [], "1": [], "2": [], "3": [], "4": [], "5": [], "6": [], "7": [], "8": [], "9": []}}}}