{"eval": {"female": {"eer": {"0": [], "1": [], "2": [], "3": [], "4": [], "5": [], "6": [], "7": [], "8": [], "9": []}, "minDCF": {"0": [], "1": [], "2": [], "3": [], "4": [], "5": [], "6": [], "7": [], "8": [], "9": []}}, "male": {"eer": {"0": [1.1111111111111072, 0.0, 1.6666666666666718, 1.1111111111111072], "1": [0.0, 0.0, 0.0, 0.0], "2": [1.1111111111111072, 0.0, 0.5555555555555556, 1.6666666666666718], "3": [1.1111111111111112, 3.888888888888886, 1.3888888888888888, 6.111111111111111], "4": [0.5555555555555556, 0.2923976608187134, 0.0, 0.2777777777777778], "5": [1.6666666666666718, 3.333333333333333, 0.0, 1.6666666666666718], "6": [3.3333333333333326, 3.888888888888886, 0.0, 0.0], "7": [0.5555555555555556, 0.0, 0.2923976608187134, 0.8333333333333334], "8": [1.9444444444444444, 0.2777777777777778, 1.2269938650306789, 0.8333333333333334], "9": [2.5, 0.0, 0.0, 0.0]}, "minDCF": {"0": [0.0555555555555555, 0.0, 0.0611111111111111, 0.0222222222222222], "1": [0.0, 0.0, 0.0, 0.0], "2": [0.0166666666666666, 0.0, 0.0166666666666666, 0.0666666666666666], "3": [0.0611111111111111, 0.0944444444444444, 0.0861111111111109, 0.1833333333333333], "4": [0.05, 0.023391812865497, 0.0, 0.0166666666666666], "5": [0.0666666666666666, 0.2055555555555552, 0.0, 0.097222222222222], "6": [0.0666666666666666, 0.0833333333333333, 0.0, 0.0], "7": [0.0055555555555555, 0.0, 0.0058479532163742, 0.0222222222222222], "8": [0.0888888888888888, 0.0166666666666666, 0.0184049079754601, 0.0055555555555555], "9": [0.0388888888888888, 0.0, 0.0, 0.0]}}, "all": {"eer": {"0": [], "1": [], "2": [], "3": [], "4": [], "5": [], "6": [], "7": [], "8": [], "9": []}, "minDCF": {"0": [], "1": [], "2": [], "3": [], "4": [], "5": [], "6": [], "7": [], "8": [], "9": []}}}}