{"eval": {"female": {"eer": {"0": [], "1": [], "2": [], "3": [], "4": [], "5": [], "6": [], "7": [], "8": [], "9": []}, "minDCF": {"0": [], "1": [], "2": [], "3": [], "4": [], "5": [], "6": [], "7": [], "8": [], "9": []}}, "male": {"eer": {"0": [3.611111111111112, 0.5555555555555556, 7.638888888888888, 5.277777777777778], "1": [1.1111111111111112, 1.6666666666666667, 2.2222222222222223, 5.0], "2": [3.75, 0.4166666666666667, 8.472222222222221, 7.5], "3": [5.416666666666667, 10.13888888888889, 12.36111111111111, 15.138888888888893], "4": [2.638888888888889, 4.093567251461988, 1.8055555555555556, 3.194444444444444], "5": [6.25, 10.416666666666666, 3.75, 11.805555555555555], "6": [7.5, 8.472222222222223, 4.722222222222222, 7.083333333333333], "7": [0.8333333333333334, 1.8055555555555556, 3.070175438596491, 3.888888888888888], "8": [7.083333333333333, 1.8055555555555556, 3.067484662576687, 4.444444444444445], "9": [5.416666666666667, 3.333333333333333, 5.416666666666667, 10.51051051051051]}, "minDCF": {"0": [0.1944444444444444, 0.0777777777777777, 0.2333333333333333, 0.2055555555555555], "1": [0.1111111111111111, 0.1388888888888889, 0.2166666666666666, 0.2277777777777777], "2": [0.5361111111111111, 0.0777777777777777, 0.3, 0.3805555555555555], "3": [0.361111111111111, 0.375, 0.3444444444444444, 0.4305555555555555], "4": [0.3166666666666666, 0.5292397660818713, 0.1611111111111111, 0.2138888888888889], "5": [0.4722222222222222, 0.6666666666666666, 0.3888888888888889, 0.4277777777777778], "6": [0.2944444444444444, 0.4888888888888889, 0.2749999999999999, 0.4083333333333333], "7": [0.05, 0.2972222222222221, 0.0994152046783625, 0.2305555555555555], "8": [0.3444444444444444, 0.1222222222222222, 0.3926380368098159, 0.2444444444444444], "9": [0.5861111111111111, 0.2166666666666666, 0.2333333333333333, 0.2942942942942942]}}, "all": {"eer": {"0": [], "1": [], "2": [], "3": [], "4": [], "5": [], "6": [], "7": [], "8": [], "9": []}, "minDCF": {"0": [], "1": [], "2": [], "3": [], "4": [], "5": [], "6": [], "7": [], "8": [], "9": []}}}}