{"eval": {"female": {"eer": {"0": [], "1": [], "2": [], "3": [], "4": [], "5": [], "6": [], "7": [], "8": [], "9": []}, "minDCF": {"0": [], "1": [], "2": [], "3": [], "4": [], "5": [], "6": [], "7": [], "8": [], "9": []}}, "male": {"eer": {"0": [1.25, 0.2777777777777778, 7.5, 5.277777777777778], "1": [0.2777777777777778, 1.3888888888888888, 2.2222222222222223, 4.722222222222222], "2": [2.5, 0.2777777777777778, 8.333333333333332, 6.666666666666667], "3": [4.027777777777778, 10.0, 12.22222222222222, 14.444444444444445], "4": [0.9722222222222222, 0.4385964912280701, 0.0, 2.2222222222222223], "5": [2.083333333333333, 6.944444444444445, 3.055555555555556, 10.277777777777777], "6": [6.111111111111111, 7.5, 4.444444444444445, 6.388888888888888], "7": [0.1388888888888889, 0.0, 2.631578947368421, 3.888888888888889], "8": [4.444444444444445, 1.3888888888888888, 1.5337423312883436, 4.444444444444445], "9": [2.361111111111111, 2.5, 5.0, 9.722222222222223]}, "minDCF": {"0": [0.1944444444444444, 0.0777777777777777, 0.2388888888888889, 0.2], "1": [0.1111111111111111, 0.1388888888888889, 0.2111111111111111, 0.2222222222222222], "2": [0.1722222222222222, 0.0722222222222222, 0.2944444444444444, 0.2222222222222222], "3": [0.2388888888888889, 0.3222222222222222, 0.3555555555555555, 0.3666666666666666], "4": [0.1055555555555555, 0.0292397660818713, 0.05, 0.1611111111111111], "5": [0.1555555555555555, 0.2555555555555555, 0.1777777777777777, 0.3222222222222222], "6": [0.3, 0.2777777777777778, 0.2222222222222222, 0.3666666666666666], "7": [0.0555555555555555, 0.0333333333333333, 0.0994152046783625, 0.1722222222222222], "8": [0.1333333333333333, 0.1222222222222222, 0.2515337423312883, 0.2555555555555555], "9": [0.2111111111111111, 0.2111111111111111, 0.2111111111111111, 0.2722222222222222]}}, "all": {"eer": {"0": [], "1": [], "2": [], "3": [], "4": [], "5": [], "6": [], "7": [], "8": [], "9": []}, "minDCF": {"0": [], "1": [], "2": [], "3": [], "4": [], "5": [], "6": [], "7": [], "8": [], "9": []}}}}