{"eval": {"female": {"eer": {"0": [], "1": [], "2": [], "3": [], "4": [], "5": [], "6": [], "7": [], "8": [], "9": []}, "minDCF": {"0": [], "1": [], "2": [], "3": [], "4": [], "5": [], "6": [], "7": [], "8": [], "9": []}}, "male": {"eer": {"0": [5.555555555555556, 1.1111111111111112, 4.722222222222222, 3.055555555555556], "1": [3.333333333333333, 0.8333333333333334, 3.055555555555556, 4.444444444444445], "2": [2.7777777777777777, 0.9722222222222222, 6.527777777777779, 2.638888888888889], "3": [5.138888888888888, 13.888888888888888, 13.61111111111111, 15.833333333333332], "4": [5.0, 2.923976608187134, 2.5, 1.805555555555556], "5": [6.388888888888888, 6.25, 3.333333333333333, 12.22222222222222], "6": [9.305555555555555, 4.166666666666666, 1.6666666666666667, 7.777777777777778], "7": [1.25, 1.8055555555555556, 0.5847953216374269, 6.111111111111111], "8": [4.722222222222222, 4.444444444444445, 4.601226993865031, 11.11111111111111], "9": [6.666666666666667, 5.972222222222221, 3.888888888888888, 15.315315315315312]}, "minDCF": {"0": [0.3111111111111111, 0.1166666666666666, 0.2, 0.2027777777777777], "1": [0.1972222222222222, 0.0777777777777777, 0.1666666666666666, 0.2], "2": [0.3277777777777778, 0.1666666666666666, 0.2666666666666666, 0.3416666666666666], "3": [0.4527777777777778, 0.4111111111111111, 0.4305555555555555, 0.5194444444444444], "4": [0.3638888888888889, 0.2076023391812865, 0.3444444444444443, 0.1888888888888888], "5": [0.5777777777777778, 0.2972222222222222, 0.4472222222222222, 0.5972222222222221], "6": [0.3777777777777777, 0.4249999999999999, 0.2722222222222222, 0.3333333333333333], "7": [0.0861111111111111, 0.1583333333333333, 0.0760233918128654, 0.2], "8": [0.1583333333333333, 0.2222222222222222, 0.2607361963190184, 0.3555555555555555], "9": [0.3694444444444444, 0.3194444444444445, 0.2777777777777778, 0.4444444444444444]}}, "all": {"eer": {"0": [], "1": [], "2": [], "3": [], "4": [], "5": [], "6": [], "7": [], "8": [], "9": []}, "minDCF": {"0": [], "1": [], "2": [], "3": [], "4": [], "5": [], "6": [], "7": [], "8": [], "9": []}}}}