{"eval": {"female": {"eer": {"0": [], "1": [], "2": [], "3": [], "4": [], "5": [], "6": [], "7": [], "8": [], "9": []}, "minDCF": {"0": [], "1": [], "2": [], "3": [], "4": [], "5": [], "6": [], "7": [], "8": [], "9": []}}, "male": {"eer": {"0": [4.444444444444445, 0.8333333333333334, 4.444444444444445, 2.7777777777777777], "1": [2.361111111111111, 0.5555555555555556, 3.055555555555556, 4.444444444444445], "2": [0.8333333333333334, 0.8333333333333334, 5.833333333333333, 1.6666666666666667], "3": [1.6666666666666667, 12.5, 13.333333333333334, 15.27777777777778], "4": [0.6944444444444445, 1.1695906432748535, 0.0, 0.5555555555555556], "5": [2.638888888888889, 5.138888888888889, 0.5555555555555556, 10.555555555555555], "6": [7.916666666666666, 3.611111111111111, 1.1111111111111112, 7.5], "7": [0.2777777777777778, 0.0, 0.2923976608187134, 6.111111111111111], "8": [2.638888888888889, 4.583333333333334, 3.6809815950920246, 10.555555555555555], "9": [5.277777777777778, 5.833333333333333, 4.444444444444445, 14.166666666666666]}, "minDCF": {"0": [0.3111111111111111, 0.1166666666666666, 0.2, 0.1555555555555555], "1": [0.15, 0.0777777777777777, 0.1777777777777777, 0.2], "2": [0.1, 0.1777777777777777, 0.2666666666666666, 0.1833333333333333], "3": [0.1888888888888888, 0.4111111111111111, 0.3833333333333333, 0.4722222222222222], "4": [0.0888888888888888, 0.0409356725146198, 0.0277777777777777, 0.0777777777777777], "5": [0.1611111111111111, 0.2388888888888889, 0.0666666666666666, 0.3333333333333333], "6": [0.2722222222222222, 0.1611111111111111, 0.1666666666666666, 0.3277777777777778], "7": [0.0277777777777777, 0.0, 0.0760233918128654, 0.1944444444444444], "8": [0.1055555555555555, 0.2222222222222222, 0.2085889570552147, 0.3555555555555555], "9": [0.3222222222222222, 0.2666666666666666, 0.2777777777777778, 0.4000000000000001]}}, "all": {"eer": {"0": [], "1": [], "2": [], "3": [], "4": [], "5": [], "6": [], "7": [], "8": [], "9": []}, "minDCF": {"0": [], "1": [], "2": [], "3": [], "4": [], "5": [], "6": [], "7": [], "8": [], "9": []}}}}