{"eval": {"female": {"eer": {"0": [], "1": [], "2": [], "3": [], "4": [], "5": [], "6": [], "7": [], "8": [], "9": []}, "minDCF": {"0": [], "1": [], "2": [], "3": [], "4": [], "5": [], "6": [], "7": [], "8": [], "9": []}}, "male": {"eer": {"0": [6.111111111111112, 1.1111111111111112, 2.777777777777779, 1.6666666666666718], "1": [2.777777777777779, 1.1111111111111072, 1.9444444444444444, 1.9444444444444444], "2": [3.333333333333333, 1.1111111111111112, 4.444444444444439, 1.6666666666666718], "3": [5.277777777777778, 7.777777777777778, 5.000000000000004, 6.666666666666665], "4": [4.444444444444445, 2.3391812865497075, 1.6666666666666718, 2.777777777777779], "5": [7.777777777777778, 6.111111111111111, 4.444444444444439, 8.61111111111111], "6": [9.444444444444445, 4.444444444444445, 1.1111111111111112, 2.777777777777779], "7": [2.222222222222225, 0.5555555555555556, 1.1695906432748535, 2.222222222222225], "8": [3.888888888888889, 2.2222222222222223, 3.067484662576692, 3.333333333333333], "9": [5.277777777777778, 3.3333333333333326, 1.9444444444444444, 3.6036036036036]}, "minDCF": {"0": [0.1888888888888888, 0.0722222222222222, 0.1638888888888887, 0.1555555555555551], "1": [0.1277777777777777, 0.0111111111111111, 0.0111111111111111, 0.0611111111111111], "2": [0.2249999999999998, 0.0916666666666664, 0.2138888888888887, 0.2499999999999992], "3": [0.3694444444444442, 0.344444444444444, 0.3611111111111107, 0.3472222222222216], "4": [0.15, 0.1111111111111111, 0.1249999999999997, 0.194444444444444], "5": [0.3833333333333333, 0.2638888888888887, 0.1111111111111111, 0.4388888888888889], "6": [0.3388888888888889, 0.3499999999999999, 0.2222222222222214, 0.1722222222222218], "7": [0.0277777777777777, 0.05, 0.0292397660818713, 0.05], "8": [0.0888888888888888, 0.0888888888888888, 0.263803680981595, 0.1611111111111111], "9": [0.3277777777777778, 0.2249999999999998, 0.1277777777777777, 0.1141141141141141]}}, "all": {"eer": {"0": [], "1": [], "2": [], "3": [], "4": [], "5": [], "6": [], "7": [], "8": [], "9": []}, "minDCF": {"0": [], "1": [], "2": [], "3": [], "4": [], "5": [], "6": [], "7": [], "8": [], "9": []}}}}