{"eval": {"female": {"eer": {"0": [], "1": [], "2": [], "3": [], "4": [], "5": [], "6": [], "7": [], "8": [], "9": []}, "minDCF": {"0": [], "1": [], "2": [], "3": [], "4": [], "5": [], "6": [], "7": [], "8": [], "9": []}}, "male": {"eer": {"0": [2.222222222222225, 0.0, 0.5555555555555556, 0.0], "1": [1.1111111111111072, 0.0, 0.0, 0.0], "2": [0.5555555555555536, 0.0, 1.1111111111111112, 0.5555555555555536], "3": [1.3888888888888888, 3.3333333333333326, 1.1111111111111112, 2.5], "4": [1.1111111111111072, 0.2923976608187134, 0.0, 0.0], "5": [1.9444444444444444, 1.3888888888888888, 0.0, 2.2222222222222223], "6": [6.111111111111112, 2.777777777777779, 0.0, 0.0], "7": [0.5555555555555536, 0.0, 0.0, 0.5555555555555536], "8": [1.3888888888888888, 0.5555555555555556, 0.0, 1.1111111111111072], "9": [1.1111111111111112, 1.1111111111111072, 0.0, 0.5555555555555556]}, "minDCF": {"0": [0.0666666666666666, 0.0, 0.0055555555555555, 0.0], "1": [0.0277777777777777, 0.0, 0.0, 0.0], "2": [0.0055555555555555, 0.0, 0.0444444444444444, 0.0055555555555555], "3": [0.0166666666666666, 0.0611111111111111, 0.0111111111111111, 0.0833333333333333], "4": [0.0166666666666666, 0.0116959064327485, 0.0, 0.0], "5": [0.0833333333333333, 0.097222222222222, 0.0, 0.1055555555555555], "6": [0.1666666666666666, 0.1361111111111109, 0.0, 0.0], "7": [0.0055555555555555, 0.0, 0.0, 0.0055555555555555], "8": [0.0611111111111111, 0.0694444444444442, 0.0, 0.0694444444444442], "9": [0.0694444444444442, 0.0222222222222222, 0.0, 0.0111111111111111]}}, "all": {"eer": {"0": [], "1": [], "2": [], "3": [], "4": [], "5": [], "6": [], "7": [], "8": [], "9": []}, "minDCF": {"0": [], "1": [], "2": [], "3": [], "4": [], "5": [], "6": [], "7": [], "8": [], "9": []}}}}