{"eval": {"female": {"eer": {"0": [], "1": [], "2": [], "3": [], "4": [], "5": [], "6": [], "7": [], "8": [], "9": []}, "minDCF": {"0": [], "1": [], "2": [], "3": [], "4": [], "5": [], "6": [], "7": [], "8": [], "9": []}}, "male": {"eer": {"0": [5.833333333333333, 3.3333333333333326, 2.777777777777779, 1.1111111111111112], "1": [1.6666666666666718, 0.8333333333333334, 0.5555555555555556, 5.277777777777778], "2": [2.5, 0.2777777777777778, 2.222222222222225, 2.2222222222222223], "3": [3.888888888888889, 4.444444444444439, 6.111111111111112, 8.333333333333337], "4": [6.666666666666667, 2.046783625730994, 2.222222222222225, 1.1111111111111112], "5": [6.111111111111112, 8.888888888888891, 2.2222222222222223, 9.166666666666666], "6": [6.111111111111112, 6.666666666666665, 1.3888888888888888, 1.9444444444444444], "7": [1.6666666666666718, 1.6666666666666718, 0.5847953216374324, 2.777777777777779], "8": [7.222222222222219, 2.777777777777779, 4.907975460122705, 3.3333333333333326], "9": [3.888888888888889, 1.6666666666666718, 2.5, 2.43161094224924]}, "minDCF": {"0": [0.2805555555555554, 0.1, 0.0944444444444444, 0.0833333333333333], "1": [0.1083333333333331, 0.0666666666666666, 0.0222222222222222, 0.1222222222222222], "2": [0.1555555555555555, 0.0166666666666666, 0.3027777777777776, 0.2999999999999992], "3": [0.3166666666666659, 0.2249999999999998, 0.2416666666666664, 0.3194444444444442], "4": [0.1833333333333333, 0.0467836257309941, 0.2194444444444442, 0.0444444444444444], "5": [0.2388888888888889, 0.2833333333333333, 0.2999999999999996, 0.5944444444444441], "6": [0.3472222222222216, 0.3055555555555556, 0.1083333333333331, 0.1777777777777777], "7": [0.1305555555555553, 0.1, 0.0467836257309941, 0.0722222222222222], "8": [0.2361111111111109, 0.1444444444444444, 0.3343558282208586, 0.1583333333333331], "9": [0.2388888888888885, 0.097222222222222, 0.1388888888888889, 0.1261261261261261]}}, "all": {"eer": {"0": [], "1": [], "2": [], "3": [], "4": [], "5": [], "6": [], "7": [], "8": [], "9": []}, "minDCF": {"0": [], "1": [], "2": [], "3": [], "4": [], "5": [], "6": [], "7": [], "8": [], "9": []}}}}