{"eval": {"female": {"eer": {"0": [], "1": [], "2": [], "3": [], "4": [], "5": [], "6": [], "7": [], "8": [], "9": []}, "minDCF": {"0": [], "1": [], "2": [], "3": [], "4": [], "5": [], "6": [], "7": [], "8": [], "9": []}}, "male": {"eer": {"0": [4.722222222222222, 3.611111111111112, 5.0, 3.75], "1": [1.25, 1.388888888888889, 3.611111111111111, 8.61111111111111], "2": [2.638888888888889, 0.8333333333333334, 7.36111111111111, 6.944444444444444], "3": [4.305555555555555, 8.75, 8.61111111111111, 12.916666666666664], "4": [8.472222222222223, 2.046783625730994, 2.638888888888889, 1.25], "5": [6.805555555555556, 9.166666666666668, 1.527777777777778, 14.86111111111111], "6": [7.916666666666666, 9.583333333333334, 2.9166666666666665, 4.722222222222222], "7": [1.9444444444444444, 1.9444444444444444, 1.7543859649122806, 4.444444444444445], "8": [6.527777777777777, 3.055555555555556, 5.828220858895706, 8.194444444444445], "9": [3.888888888888889, 2.777777777777778, 4.722222222222222, 8.408408408408409]}, "minDCF": {"0": [0.3166666666666666, 0.2333333333333333, 0.1777777777777777, 0.1833333333333333], "1": [0.1138888888888888, 0.1388888888888889, 0.2, 0.3], "2": [0.3055555555555556, 0.2, 0.3027777777777777, 0.3444444444444444], "3": [0.4388888888888889, 0.4083333333333333, 0.386111111111111, 0.4638888888888888], "4": [0.8583333333333333, 0.0467836257309941, 0.4444444444444444, 0.05], "5": [0.686111111111111, 0.5194444444444444, 0.4694444444444444, 0.7222222222222221], "6": [0.3777777777777777, 0.3055555555555556, 0.2, 0.2611111111111111], "7": [0.2249999999999999, 0.15, 0.1169590643274853, 0.1444444444444444], "8": [0.2472222222222222, 0.1833333333333333, 0.3803680981595092, 0.3472222222222222], "9": [0.3333333333333333, 0.2, 0.3111111111111111, 0.2822822822822823]}}, "all": {"eer": {"0": [], "1": [], "2": [], "3": [], "4": [], "5": [], "6": [], "7": [], "8": [], "9": []}, "minDCF": {"0": [], "1": [], "2": [], "3": [], "4": [], "5": [], "6": [], "7": [], "8": [], "9": []}}}}