{"eval": {"female": {"eer": {"0": [], "1": [], "2": [], "3": [], "4": [], "5": [], "6": [], "7": [], "8": [], "9": []}, "minDCF": {"0": [], "1": [], "2": [], "3": [], "4": [], "5": [], "6": [], "7": [], "8": [], "9": []}}, "male": {"eer": {"0": [2.222222222222225, 1.1111111111111112, 0.5555555555555536, 0.2777777777777778], "1": [0.5555555555555536, 0.0, 0.5555555555555536, 1.3888888888888888], "2": [0.2777777777777778, 0.0, 0.0, 0.0], "3": [0.5555555555555536, 1.1111111111111072, 1.1111111111111072, 6.944444444444445], "4": [3.3333333333333326, 0.0, 0.5555555555555536, 0.0], "5": [1.6666666666666718, 3.055555555555556, 0.0, 2.222222222222225], "6": [5.000000000000004, 4.166666666666666, 0.5555555555555556, 0.5555555555555536], "7": [0.0, 0.0, 0.0, 1.6666666666666718], "8": [2.777777777777779, 0.5555555555555556, 1.2269938650306749, 0.5555555555555556], "9": [1.1111111111111072, 0.5555555555555536, 0.5555555555555556, 0.0]}, "minDCF": {"0": [0.0722222222222222, 0.05, 0.0055555555555555, 0.0222222222222222], "1": [0.0055555555555555, 0.0, 0.0055555555555555, 0.0777777777777777], "2": [0.0166666666666666, 0.0, 0.0, 0.0], "3": [0.0111111111111111, 0.0555555555555555, 0.0166666666666666, 0.1055555555555555], "4": [0.0777777777777777, 0.0, 0.0055555555555555, 0.0], "5": [0.0944444444444444, 0.2111111111111111, 0.0, 0.0833333333333333], "6": [0.1333333333333333, 0.1055555555555555, 0.0055555555555555, 0.0055555555555555], "7": [0.0, 0.0, 0.0, 0.0333333333333333], "8": [0.0555555555555555, 0.0222222222222222, 0.1779141104294471, 0.0555555555555555], "9": [0.0166666666666666, 0.0055555555555555, 0.0055555555555555, 0.0]}}, "all": {"eer": {"0": [], "1": [], "2": [], "3": [], "4": [], "5": [], "6": [], "7": [], "8": [], "9": []}, "minDCF": {"0": [], "1": [], "2": [], "3": [], "4": [], "5": [], "6": [], "7": [], "8": [], "9": []}}}}