{"eval": {"female": {"eer": {"0": [], "1": [], "2": [], "3": [], "4": [], "5": [], "6": [], "7": [], "8": [], "9": []}, "minDCF": {"0": [], "1": [], "2": [], "3": [], "4": [], "5": [], "6": [], "7": [], "8": [], "9": []}}, "male": {"eer": {"0": [2.2222222222222223, 2.5, 4.722222222222222, 3.611111111111111], "1": [0.4166666666666667, 1.1111111111111112, 3.611111111111111, 8.61111111111111], "2": [0.9722222222222222, 0.8333333333333334, 6.388888888888888, 6.388888888888888], "3": [2.7777777777777777, 8.88888888888889, 7.777777777777778, 12.777777777777777], "4": [3.4722222222222223, 0.0, 0.4166666666666667, 0.2777777777777778], "5": [1.1111111111111112, 6.666666666666667, 0.2777777777777778, 13.055555555555555], "6": [6.944444444444445, 8.88888888888889, 2.5, 4.444444444444445], "7": [0.0, 0.5555555555555556, 1.461988304093567, 4.444444444444445], "8": [3.888888888888889, 1.6666666666666667, 4.447852760736196, 8.055555555555555], "9": [2.7777777777777777, 2.2222222222222223, 4.444444444444445, 7.777777777777778]}, "minDCF": {"0": [0.2055555555555555, 0.2277777777777777, 0.1777777777777777, 0.1833333333333333], "1": [0.0611111111111111, 0.1388888888888889, 0.1944444444444444, 0.3055555555555556], "2": [0.0944444444444444, 0.2, 0.25, 0.2388888888888889], "3": [0.2277777777777777, 0.3388888888888889, 0.3388888888888889, 0.4055555555555555], "4": [0.1777777777777777, 0.0467836257309941, 0.0222222222222222, 0.0444444444444444], "5": [0.0944444444444444, 0.2555555555555555, 0.0888888888888888, 0.4000000000000001], "6": [0.2722222222222222, 0.3111111111111111, 0.1888888888888888, 0.2611111111111111], "7": [0.0611111111111111, 0.05, 0.1111111111111111, 0.1388888888888889], "8": [0.2111111111111111, 0.1888888888888888, 0.303680981595092, 0.2944444444444444], "9": [0.2222222222222222, 0.1888888888888888, 0.3111111111111111, 0.2611111111111111]}}, "all": {"eer": {"0": [], "1": [], "2": [], "3": [], "4": [], "5": [], "6": [], "7": [], "8": [], "9": []}, "minDCF": {"0": [], "1": [], "2": [], "3": [], "4": [], "5": [], "6": [], "7": [], "8": [], "9": []}}}}