{"eval": {"female": {"eer": {"0": [6.4688888888888885, 1.9302947845804992, 1.2849886621315203, 0.4741496598639438, 0.17115646258503414], "1": [6.743764172335601, 3.033605442176869, 1.1721541950113377, 0.5570068027210858, 0.6177777777777776], "2": [6.91764172335601, 3.6972335600907, 1.6029478458049897, 0.5436734693877546, 0.6349206349206327], "3": [6.315510204081634, 2.1063492063492046, 0.5282539682539668, 0.19047619047618902, 0.0272108843537418], "4": [9.059999999999999, 4.147981859410428, 1.8842176870748288, 1.211337868480724, 0.48072562358276727], "5": [8.580498866213153, 3.359092970521542, 1.2494331065759663, 0.2539682539682508, 0.11006802721088377], "6": [6.762222222222223, 1.7978684807256229, 0.523310657596374, 0.16090702947845734, 0.13111111111111107], "7": [6.330022675736963, 1.4260770975056705, 0.41224489795918445, 0.0561904761904753, 0.022675736961452735], "8": [6.995646258503403, 2.4357823129251703, 0.7588208616780044, 0.34993197278911387, 0.24666666666666662], "9": [6.61641723356009, 3.714421768707482, 1.0751927437641726, 0.395510204081634, 0.11183673469387917]}, "minDCF": {"0": [0.3866503401360543, 0.1352662131519283, 0.08299546485260793, 0.0297628117913824, 0.009409523809523401], "1": [0.4226244897959181, 0.20079410430838998, 0.08574467120181417, 0.0249868480725623, 0.02373741496598583], "2": [0.39214013605442166, 0.24790748299319698, 0.09940634920634912, 0.03202721088435343, 0.02988480725623573], "3": [0.3430902494331067, 0.12232562358276657, 0.0344149659863943, 0.0091233560090699, 0.0020376417233558333], "4": [0.541114739229025, 0.31029024943310635, 0.12925941043083888, 0.09963537414966006, 0.03972879818594113], "5": [0.4827814058956923, 0.20302539682539725, 0.060582766439909036, 0.01237777777777757, 0.008896598639455399], "6": [0.37842947845804914, 0.12347029478458042, 0.03782403628117923, 0.0093673469387752, 0.010979591836734201], "7": [0.36165442176870766, 0.10351111111111078, 0.028106575963718333, 0.003593650793650566, 0.0009977324263038], "8": [0.4237827664399088, 0.14524172335600913, 0.04964036281179123, 0.02219682539682563, 0.007329705215419333], "9": [0.39383537414965986, 0.22140362811791336, 0.07297414965986426, 0.0238702947845805, 0.006810430839001899]}}, "male": {"eer": {"0": [7.307630385487528, 3.2096371882086188, 1.308514739229027, 0.6477777777777778, 0.4521201814058962], "1": [7.315408163265306, 3.1749999999999994, 1.6164852607709743, 0.9835374149659889, 0.6599206349206349], "2": [8.81874149659864, 3.7695691609977344, 1.3980045351473895, 0.43933106575963676, 0.47204081632653083], "3": [6.936666666666667, 2.4596712018140594, 1.2168027210884345, 0.5985374149659848, 0.3526984126984163], "4": [6.806133786848075, 2.862823129251698, 1.4990022675736965, 0.8816553287981863, 0.5878117913832194], "5": [6.874557823129254, 3.27842403628118, 1.4764285714285708, 0.5492176870748312, 0.3580272108843521], "6": [6.2732879818594105, 2.8371995464852593, 1.124138321995466, 0.529002267573696, 0.31860544217686865], "7": [7.676371882086169, 2.9745464852607717, 1.2172789115646239, 0.46164399092970343, 0.2370181405895697], "8": [8.01, 2.9115646258503385, 1.1433673469387735, 0.5773469387755094, 0.3500000000000014], "9": [5.870022675736962, 2.553038548752834, 1.238367346938778, 0.946575963718821, 0.4004421768707478]}, "minDCF": {"0": [0.44333185941043096, 0.21672052154194985, 0.09360941043083844, 0.04568049886621353, 0.027541269841269398], "1": [0.4586253968253969, 0.2116066893424041, 0.12374024943310587, 0.08584183673469441, 0.04475385487528363], "2": [0.4421329931972789, 0.19794421768707504, 0.08867278911564656, 0.0247787981859408, 0.020475510204081403], "3": [0.3961225623582763, 0.1785672335600906, 0.09207029478458047, 0.04673752834467123, 0.025384353741496234], "4": [0.35761179138322, 0.17956519274376403, 0.10072891156462582, 0.05559591836734767, 0.035225170068027334], "5": [0.40547494331065764, 0.18499308390022692, 0.10072823129251729, 0.02839637188208523, 0.0222681405895685], "6": [0.4236702947845807, 0.19943990929705216, 0.09512879818594129, 0.05301882086167794, 0.033537641723355695], "7": [0.4346790249433103, 0.1803784580498864, 0.07554331065759647, 0.029558616780045566, 0.0192270975056692], "8": [0.42691247165532853, 0.18239693877550986, 0.07476337868480673, 0.03800136054421773, 0.019060317460316833], "9": [0.41778934240362814, 0.21636337868480685, 0.10164852607709778, 0.0758501133786846, 0.022492517006801934]}}, "all": {"eer": {"0": [7.378331065759636, 3.1701315192743746, 1.4825306122449, 0.6830566893424038, 0.43236281179138225], "1": [7.4757732426303845, 3.298947845804989, 1.6425759637188222, 0.9356281179138307, 0.6930521541950089], "2": [8.28599546485261, 3.70073469387755, 1.4324444444444444, 0.4625850340136073, 0.5245804988662123], "3": [6.670857142857142, 2.3646984126984134, 1.0622857142857127, 0.5235555555555556, 0.2897868480725628], "4": [7.190612244897959, 3.130467120181406, 1.6818956916099754, 1.0145668934240364, 0.571111111111111], "5": [7.206403628117916, 3.4138140589569157, 1.5194195011337868, 0.5741496598639465, 0.3062494331065732], "6": [6.488090702947848, 2.7158367346938768, 1.0568435374149654, 0.46817233560090593, 0.292], "7": [7.456399092970519, 2.730575963718819, 1.1230294784580506, 0.4255147392290253, 0.2081269841269877], "8": [7.763419501133785, 2.8357732426303848, 1.1120907029478466, 0.5520000000000004, 0.338321995464852], "9": [6.05938321995465, 2.9255963718820848, 1.359337868480725, 0.9335510204081648, 0.3555555555555571]}, "minDCF": {"0": [0.4386691156462586, 0.20276825396825401, 0.1033052154195012, 0.049681088435373666, 0.02573523809523767], "1": [0.4767701587301579, 0.22711492063492053, 0.1244487074829928, 0.07580707482993143, 0.04323473922902497], "2": [0.432159818594104, 0.21384589569160992, 0.09447972789115594, 0.028153287981859232, 0.0306343764172339], "3": [0.38189877551020435, 0.1662248526077091, 0.08006058956916076, 0.0390458049886618, 0.020948662131518567], "4": [0.424148480725624, 0.2108622222222216, 0.11816263038548706, 0.06989133786848054, 0.036169342403627736], "5": [0.4422360997732424, 0.20146829931972773, 0.09336571428571423, 0.03032199546485237, 0.0191224489795918], "6": [0.418770975056689, 0.18446312925170005, 0.0849755102040818, 0.044265034013604765, 0.028296961451247233], "7": [0.41938095238095247, 0.1659655328798189, 0.0681033106575968, 0.026397913832198732, 0.015942222222221764], "8": [0.4195690702947843, 0.17560571428571467, 0.07056852607709724, 0.03473342403628097, 0.0171739682539687], "9": [0.41767238095238085, 0.23195600907029448, 0.10370276643990954, 0.06618439909297014, 0.01968480725623507]}}}}