{"eval": {"female": {"eer": {"0": [6.4688888888888885, 8.428888888888888, 7.688163265306122, 9.210702947845808, 8.452063492063493], "1": [6.743764172335601, 7.21718820861678, 7.891156462585035, 7.587800453514741, 7.6242630385487535], "2": [6.91764172335601, 7.5318820861678, 7.735555555555556, 7.983265306122449, 6.507936507936506], "3": [6.315510204081634, 6.004580498866212, 5.990340136054421, 7.4925170068027205, 6.355963718820862], "4": [9.059999999999999, 11.488390022675738, 10.70965986394558, 11.727891156462585, 10.673514739229025], "5": [8.580498866213153, 9.329523809523812, 8.068027210884354, 7.891156462585033, 8.321995464852609], "6": [6.762222222222223, 6.079637188208616, 5.188888888888889, 5.419092970521542, 5.795918367346938], "7": [6.330022675736963, 6.760000000000001, 6.527256235827662, 6.918140589569162, 6.561859410430839], "8": [6.995646258503403, 6.975056689342403, 5.747528344671202, 5.628344671201812, 5.8730158730158735], "9": [6.61641723356009, 8.063492063492065, 8.268390022675735, 8.16126984126984, 8.00643990929705]}, "minDCF": {"0": [0.3866503401360543, 0.45968662131519217, 0.4399151927437643, 0.5053882086167802, 0.4480653061224493], "1": [0.4226244897959181, 0.4371079365079362, 0.4326149659863941, 0.4695600907029474, 0.43554285714285673], "2": [0.39214013605442166, 0.4204507936507935, 0.3874326530612249, 0.3719927437641725, 0.3229705215419502], "3": [0.3430902494331067, 0.33943809523809504, 0.3168276643990935, 0.4020244897959182, 0.33656507936507984], "4": [0.541114739229025, 0.6521405895691613, 0.6003052154195013, 0.6142929705215417, 0.5914897959183675], "5": [0.4827814058956923, 0.5253764172335599, 0.44010249433106624, 0.4538086167800457, 0.451854875283446], "6": [0.37842947845804914, 0.3266575963718821, 0.3119097505668932, 0.3160807256235832, 0.31430294784580487], "7": [0.36165442176870766, 0.3913111111111111, 0.3726131519274378, 0.4022199546485259, 0.36012018140589624], "8": [0.4237827664399088, 0.38214648526077094, 0.33123537414966003, 0.3406997732426305, 0.32792471655328814], "9": [0.39383537414965986, 0.45744897959183667, 0.47441496598639515, 0.4954603174603173, 0.46898639455782276]}}, "male": {"eer": {"0": [7.307630385487528, 8.474206349206352, 8.291666666666668, 7.974387755102042, 8.723594104308388], "1": [7.315408163265306, 8.219160997732425, 7.629251700680276, 7.964852607709749, 7.225113378684806], "2": [8.81874149659864, 9.766145124716557, 9.497732426303855, 8.713990929705213, 8.202176870748302], "3": [6.936666666666667, 6.9719274376417255, 6.992392290249434, 6.9730725623582765, 6.484024943310655], "4": [6.806133786848075, 7.983185941043083, 7.31611111111111, 8.249557823129253, 7.872267573696145], "5": [6.874557823129254, 7.150907029478456, 8.505793650793649, 7.725362811791381, 7.140102040816328], "6": [6.2732879818594105, 6.182335600907031, 6.828231292517008, 6.003333333333334, 6.728605442176872], "7": [7.676371882086169, 8.000136054421768, 8.579365079365079, 8.285725623582769, 7.940340136054421], "8": [8.01, 7.30952380952381, 7.134410430839002, 6.919648526077097, 7.375986394557824], "9": [5.870022675736962, 6.3728231292516995, 6.34937641723356, 6.582006802721087, 6.432448979591835]}, "minDCF": {"0": [0.44333185941043096, 0.5289749433106571, 0.5208590702947845, 0.48686485260771, 0.5056176870748305], "1": [0.4586253968253969, 0.459252947845805, 0.45546009070294796, 0.48045646258503405, 0.43217097505668883], "2": [0.4421329931972789, 0.4768044217687068, 0.4742747165532879, 0.4444667800453517, 0.40863707482993167], "3": [0.3961225623582763, 0.39729024943310715, 0.3847672335600903, 0.40600238095238095, 0.37270102040816316], "4": [0.35761179138322, 0.4033730158730154, 0.39686417233560123, 0.42391689342403654, 0.42454240362811774], "5": [0.40547494331065764, 0.40580476190476195, 0.4673341269841276, 0.42725034013605434, 0.4072040816326529], "6": [0.4236702947845807, 0.4117090702947843, 0.4439908163265304, 0.3923721088435368, 0.44249535147392277], "7": [0.4346790249433103, 0.4490346938775513, 0.4720607709750566, 0.47231179138321994, 0.4602992063492066], "8": [0.42691247165532853, 0.41263424036281166, 0.3918244897959183, 0.3938379818594105, 0.3941768707482997], "9": [0.41778934240362814, 0.4487860544217692, 0.4421676870748299, 0.44099965986394585, 0.4300876417233555]}}, "all": {"eer": {"0": [7.378331065759636, 8.479882086167802, 8.435437641723357, 8.392, 8.65034013605442], "1": [7.4757732426303845, 8.277605442176869, 7.873015873015873, 8.07385941043084, 7.4853424036281195], "2": [8.28599546485261, 9.123555555555555, 8.94398185941043, 8.422693877551021, 7.7823945578231255], "3": [6.670857142857142, 6.752970521541951, 6.689541950113379, 7.034013605442176, 6.339183673469386], "4": [7.190612244897959, 8.443809523809524, 7.800480725623582, 8.812888888888887, 8.328888888888889], "5": [7.206403628117916, 7.6399092970521565, 8.503111111111112, 7.848589569160999, 7.542040816326531], "6": [6.488090702947848, 6.270294784580499, 6.547845804988661, 5.962666666666666, 6.616208616780045], "7": [7.456399092970519, 7.734358276643989, 8.192507936507935, 7.989777777777777, 7.684743764172336], "8": [7.763419501133785, 7.15827664399093, 6.990965986394559, 6.615927437641724, 6.965333333333334], "9": [6.05938321995465, 6.81015873015873, 6.980027210884354, 6.996825396825398, 6.983510204081632]}, "minDCF": {"0": [0.4386691156462586, 0.5152117006802719, 0.5119064852607705, 0.4949509297052153, 0.49336371882086166], "1": [0.4767701587301579, 0.47889650793650773, 0.46968353741496555, 0.4935925623582762, 0.44310004535147335], "2": [0.432159818594104, 0.46267011337868497, 0.4572259410430835, 0.4244156916099772, 0.3924067120181402], "3": [0.38189877551020435, 0.3844454421768706, 0.3688746485260767, 0.4127338775510205, 0.3594847165532884], "4": [0.424148480725624, 0.48538521541950086, 0.459538321995465, 0.49448870748299284, 0.47773251700680247], "5": [0.4422360997732424, 0.4623584580498865, 0.4718182312925172, 0.43797605442176835, 0.44050358276644], "6": [0.418770975056689, 0.3964518820861674, 0.41794947845804975, 0.37463192743764145, 0.4142087074829932], "7": [0.41938095238095247, 0.4371745124716555, 0.4598264852607712, 0.46001678004535146, 0.44088834467120136], "8": [0.4195690702947843, 0.4015570975056691, 0.3821258956916099, 0.38045804988662085, 0.3744850793650794], "9": [0.41767238095238085, 0.46781360544217715, 0.46799755102040846, 0.4612092517006805, 0.4565926530612246]}}}}