{"female": {"eer": 0.5578231292517, "minDCF": 0.042138775510204514}, "male": {"eer": 0.10884353741497099, "minDCF": 0.006468367346938532}, "all": {"eer": 0.11156462585033555, "minDCF": 0.00810122448979685}}