{"female": [0.6749234199523926, 0.7318263649940491], "male": [0.6329002380371094, 0.6777924299240112], "all": [0.6312434673309326, 0.6802574992179871]}