{"female": {"eer": 9.60544217687075, "minDCF": 0.533365986394558}, "male": {"eer": 6.401666666666666, "minDCF": 0.336651700680273}, "all": {"eer": 5.605442176870746, "minDCF": 0.3300008163265298}}