{"female": [0.5072178244590759, 0.6423949599266052], "male": [0.46433955430984497, 0.6016463041305542], "all": [0.45730990171432495, 0.5936779379844666]}