{"female": {"eer": 9.04, "minDCF": 0.8635836734693875}, "male": {"eer": 11.503401360544219, "minDCF": 0.8840098639455777}, "all": {"eer": 10.930666666666667, "minDCF": 0.8678141496598631}}