{"female": [0.698561429977417, 0.8133403062820435], "male": [0.6660531163215637, 0.8093757629394531], "all": [0.6717469692230225, 0.8047105073928833]}