{"female": {"eer": 0.01360544217686721, "minDCF": 0.00027210884353741496}, "male": {"eer": 0.04761904761905189, "minDCF": 0.0019153061224489445}, "all": {"eer": 0.04133333333333333, "minDCF": 0.0015866666666662168}}