{"female": [0.6941781044006348, 0.6954289078712463], "male": [0.6382198333740234, 0.6778354644775391], "all": [0.6355974674224854, 0.6789132356643677]}