{"female": {"eer": 12.625850340136058, "minDCF": 0.8855442176870743}, "male": {"eer": 14.431972789115644, "minDCF": 0.9136836734693874}, "all": {"eer": 14.20680272108844, "minDCF": 0.9203278911564624}}