{"female": [0.6784409284591675, 0.7996270656585693], "male": [0.6583459377288818, 0.8053629398345947], "all": [0.6628825664520264, 0.8122712969779968]}