{"female": {"eer": 12.559999999999999, "minDCF": 0.8605319727891164}, "male": {"eer": 12.34013605442177, "minDCF": 0.8665476190476196}, "all": {"eer": 12.32108843537415, "minDCF": 0.8668644897959186}}