{"female": [0.6849861145019531, 0.8006395101547241], "male": [0.667343020439148, 0.7956231236457825], "all": [0.6699897050857544, 0.8013447523117065]}