{"female": {"eer": 7.386666666666667, "minDCF": 0.7951945578231291}, "male": {"eer": 10.068333333333333, "minDCF": 0.7840088435374143}, "all": {"eer": 9.565333333333333, "minDCF": 0.8127330612244905}}