{"female": [0.709429144859314, 0.8092141151428223], "male": [0.6742584109306335, 0.7979381084442139], "all": [0.6810508370399475, 0.8074935674667358]}