{"female": {"eer": 10.146666666666667, "minDCF": 0.7749863945578234}, "male": {"eer": 11.97, "minDCF": 0.8589054421768708}, "all": {"eer": 11.728, "minDCF": 0.8411224489795928}}