{"female": [0.7041802406311035, 0.8111342191696167], "male": [0.6703951954841614, 0.7964277267456055], "all": [0.6767905354499817, 0.7999668717384338]}