{"female": {"eer": 0.09523809523809268, "minDCF": 0.009734693877550323}, "male": {"eer": 0.5442176870748328, "minDCF": 0.033173469387754055}, "all": {"eer": 0.45714285714285596, "minDCF": 0.027944217687075685}}