{"female": [0.7084693312644958, 0.7327582836151123], "male": [0.6265096664428711, 0.6960445642471313], "all": [0.6281559467315674, 0.688715934753418]}