{"female": {"eer": 1.92, "minDCF": 0.09463673469387715}, "male": {"eer": 1.4533333333333334, "minDCF": 0.07903265306122394}, "all": {"eer": 1.216326530612244, "minDCF": 0.0735521088435376}}