{"female": [0.6856800317764282, 0.7565125226974487], "male": [0.592121958732605, 0.6793379783630371], "all": [0.5949018001556396, 0.6850285530090332]}