{"female": {"eer": 5.074829931972791, "minDCF": 0.29580408163265226}, "male": {"eer": 5.095238095238097, "minDCF": 0.27580068027210913}, "all": {"eer": 4.284000000000001, "minDCF": 0.23852081632653055}}