{"female": [0.540802538394928, 0.6486152410507202], "male": [0.46725499629974365, 0.5924625396728516], "all": [0.46561744809150696, 0.588505744934082]}