{"female": {"eer": 4.383422323925757, "minDCF": 0.18647342995169083}, "male": {"eer": 6.388888888888888, "minDCF": 0.2111111111111111}, "all": {"eer": 8.26388888888889, "minDCF": 0.49305555555555547}}