{"female": {"eer": 12.5, "minDCF": 0.49444444444444446}, "male": {"eer": 10.833333333333334, "minDCF": 0.28888888888888886}, "all": {"eer": 11.25, "minDCF": 0.36944444444444446}}