{"female": {"eer": 13.472222222222221, "minDCF": 0.475}, "male": {"eer": 10.416666666666666, "minDCF": 0.3333333333333333}, "all": {"eer": 11.249999999999998, "minDCF": 0.425}}