{"female": {"eer": 13.194444444444445, "minDCF": 0.5499999999999999}, "male": {"eer": 12.916666666666664, "minDCF": 0.5111111111111111}, "all": {"eer": 12.708333333333332, "minDCF": 0.5347222222222222}}