{"eval": {"female": {"eer": {"0": [], "1": [], "2": [], "3": [], "4": [], "5": [], "6": [], "7": [], "8": [], "9": []}, "minDCF": {"0": [], "1": [], "2": [], "3": [], "4": [], "5": [], "6": [], "7": [], "8": [], "9": []}}, "male": {"eer": {"0": [10.331384015594542, 5.092592592592593, 1.7592592592592589, 3.148148148148149, 1.6666666666666694], "1": [3.4259259259259274, 2.037037037037041, 0.833333333333332, 1.296296296296296, 2.5925925925925926], "2": [7.592592592592593, 3.1481481481481484, 0.6481481481481475, 3.055555555555555, 2.2222222222222245], "3": [11.388888888888888, 4.537037037037037, 7.2222222222222205, 5.64814814814815, 8.518518518518519], "4": [7.777777777777778, 4.722222222222222, 2.4366471734892805, 1.6666666666666679, 2.0370370370370376], "5": [11.481481481481481, 6.481481481481482, 8.148148148148149, 3.1481481481481466, 8.333333333333334], "6": [6.9444444444444455, 6.851851851851854, 5.185185185185183, 1.574074074074075, 2.129629629629632], "7": [2.962962962962962, 1.6666666666666679, 1.2037037037037053, 1.3645224171539976, 2.592592592592594], "8": [10.092592592592593, 6.203703703703702, 2.2222222222222245, 3.4764826175869157, 3.1481481481481475], "9": [6.574074074074073, 4.722222222222224, 2.314814814814816, 2.222222222222223, 3.126226530481848]}, "minDCF": {"0": [0.3635477582846005, 0.21574074074074065, 0.059259259259259234, 0.13148148148148134, 0.10185185185185165], "1": [0.12592592592592575, 0.09537037037037027, 0.04629629629629626, 0.020370370370370334, 0.06481481481481481], "2": [0.30462962962962925, 0.2138888888888888, 0.0472222222222221, 0.22685185185185167, 0.2722222222222214], "3": [0.3935185185185184, 0.3462962962962958, 0.2703703703703701, 0.2944444444444442, 0.3481481481481478], "4": [0.3185185185185182, 0.15370370370370365, 0.09649122807017524, 0.15370370370370337, 0.14722222222222195], "5": [0.4009259259259255, 0.30277777777777776, 0.30925925925925907, 0.23055555555555537, 0.4777777777777776], "6": [0.3759259259259254, 0.31018518518518495, 0.3537037037037034, 0.15925925925925885, 0.19722222222222183], "7": [0.1749999999999999, 0.06203703703703691, 0.07777777777777777, 0.05847953216374263, 0.08611111111111103], "8": [0.41018518518518493, 0.19259259259259243, 0.11111111111111106, 0.29038854805725944, 0.13055555555555545], "9": [0.298148148148148, 0.3370370370370368, 0.14907407407407383, 0.13518518518518516, 0.09209209209209206]}}, "all": {"eer": {"0": [], "1": [], "2": [], "3": [], "4": [], "5": [], "6": [], "7": [], "8": [], "9": []}, "minDCF": {"0": [], "1": [], "2": [], "3": [], "4": [], "5": [], "6": [], "7": [], "8": [], "9": []}}}}