{"eval": {"female": {"eer": {"0": [], "1": [], "2": [], "3": [], "4": [], "5": [], "6": [], "7": [], "8": [], "9": []}, "minDCF": {"0": [], "1": [], "2": [], "3": [], "4": [], "5": [], "6": [], "7": [], "8": [], "9": []}}, "male": {"eer": {"0": [13.157894736842108, 6.5740740740740735, 4.074074074074072, 2.2222222222222228, 2.9629629629629637], "1": [4.166666666666668, 3.8888888888888897, 4.999999999999998, 2.5000000000000018, 5.185185185185184], "2": [10.555555555555557, 5.833333333333333, 6.666666666666665, 10.277777777777777, 5.000000000000001], "3": [20.27777777777778, 4.907407407407407, 13.055555555555555, 8.703703703703708, 9.259259259259261], "4": [12.22222222222222, 7.037037037037035, 2.9239766081871346, 2.6851851851851856, 3.981481481481481], "5": [18.425925925925927, 10.277777777777779, 10.555555555555555, 5.740740740740743, 10.462962962962964], "6": [15.462962962962967, 17.59259259259259, 4.814814814814817, 2.40740740740741, 2.5000000000000004], "7": [10.925925925925926, 4.629629629629628, 3.7037037037037024, 3.2163742690058474, 2.7777777777777786], "8": [17.40740740740741, 10.925925925925926, 3.9814814814814814, 5.623721881390594, 7.407407407407406], "9": [10.000000000000002, 6.018518518518519, 4.074074074074073, 7.037037037037039, 10.444487040231719]}, "minDCF": {"0": [0.52046783625731, 0.30648148148148113, 0.2574074074074069, 0.18240740740740705, 0.16388888888888856], "1": [0.23055555555555532, 0.19907407407407396, 0.15370370370370356, 0.12592592592592589, 0.12222222222222219], "2": [0.39074074074074033, 0.3462962962962959, 0.20648148148148138, 0.3425925925925924, 0.1888888888888888], "3": [0.45555555555555555, 0.25555555555555537, 0.3907407407407404, 0.3518518518518516, 0.29166666666666646], "4": [0.42685185185185154, 0.23518518518518514, 0.164717348927875, 0.09074074074074072, 0.35925925925925895], "5": [0.7638888888888885, 0.3685185185185185, 0.3037037037037036, 0.1962962962962961, 0.43981481481481427], "6": [0.5185185185185182, 0.4018518518518517, 0.41203703703703626, 0.193518518518518, 0.22407407407407365], "7": [0.35555555555555524, 0.2379629629629627, 0.38981481481481467, 0.23001949317738893, 0.15185185185185182], "8": [0.5388888888888888, 0.3259259259259259, 0.16666666666666635, 0.2648261758691205, 0.2685185185185185], "9": [0.5074074074074071, 0.36111111111111066, 0.261111111111111, 0.24074074074074067, 0.38238238238238226]}}, "all": {"eer": {"0": [], "1": [], "2": [], "3": [], "4": [], "5": [], "6": [], "7": [], "8": [], "9": []}, "minDCF": {"0": [], "1": [], "2": [], "3": [], "4": [], "5": [], "6": [], "7": [], "8": [], "9": []}}}}