{"eval": {"female": {"eer": {"0": [], "1": [], "2": [], "3": [], "4": [], "5": [], "6": [], "7": [], "8": [], "9": []}, "minDCF": {"0": [], "1": [], "2": [], "3": [], "4": [], "5": [], "6": [], "7": [], "8": [], "9": []}}, "male": {"eer": {"0": [9.356725146198832, 5.092592592592591, 4.999999999999998, 3.2407407407407405, 3.333333333333334], "1": [3.9814814814814796, 2.407407407407407, 2.0370370370370385, 3.148148148148149, 0.7407407407407424], "2": [4.537037037037037, 2.962962962962965, 0.3703703703703691, 6.203703703703705, 2.2222222222222223], "3": [12.592592592592593, 7.314814814814816, 7.777777777777776, 7.962962962962962, 7.685185185185184], "4": [11.85185185185185, 5.64814814814815, 4.678362573099415, 2.9629629629629632, 4.6296296296296315], "5": [12.407407407407407, 3.703703703703702, 3.425925925925926, 1.1111111111111098, 6.018518518518519], "6": [10.370370370370368, 8.518518518518517, 3.3333333333333357, 3.981481481481483, 2.2222222222222245], "7": [5.740740740740743, 2.4074074074074097, 2.5000000000000004, 1.2670565302144265, 1.9444444444444458], "8": [9.72222222222222, 6.944444444444444, 1.8518518518518519, 3.5787321063394693, 4.074074074074073], "9": [5.925925925925927, 4.166666666666667, 1.38888888888889, 2.6851851851851856, 2.7160899501325044]}, "minDCF": {"0": [0.35282651072124754, 0.2879629629629629, 0.22037037037037022, 0.2537037037037036, 0.19351851851851842], "1": [0.18611111111111087, 0.09629629629629627, 0.07962962962962959, 0.11203703703703694, 0.024074074074074067], "2": [0.20092592592592584, 0.2962962962962957, 0.005555555555555533, 0.36388888888888865, 0.2018518518518516], "3": [0.46203703703703686, 0.2870370370370369, 0.223148148148148, 0.3037037037037036, 0.3759259259259255], "4": [0.2916666666666666, 0.24351851851851838, 0.17056530214424925, 0.19814814814814788, 0.42407407407407355], "5": [0.3851851851851851, 0.1944444444444443, 0.23148148148148107, 0.09444444444444426, 0.32037037037037], "6": [0.4203703703703701, 0.3259259259259259, 0.2287037037037032, 0.21481481481481435, 0.20648148148148113], "7": [0.3129629629629629, 0.1620370370370367, 0.2018518518518516, 0.10526315789473713, 0.0555555555555555], "8": [0.3601851851851851, 0.1787037037037036, 0.12592592592592577, 0.1615541922290388, 0.23148148148148148], "9": [0.20555555555555524, 0.22222222222222202, 0.06111111111111093, 0.1148148148148148, 0.14383684596450494]}}, "all": {"eer": {"0": [], "1": [], "2": [], "3": [], "4": [], "5": [], "6": [], "7": [], "8": [], "9": []}, "minDCF": {"0": [], "1": [], "2": [], "3": [], "4": [], "5": [], "6": [], "7": [], "8": [], "9": []}}}}