{"eval": {"female": {"eer": {"0": [], "1": [], "2": [], "3": [], "4": [], "5": [], "6": [], "7": [], "8": [], "9": []}, "minDCF": {"0": [], "1": [], "2": [], "3": [], "4": [], "5": [], "6": [], "7": [], "8": [], "9": []}}, "male": {"eer": {"0": [17.348927875243668, 9.444444444444443, 8.24074074074074, 8.148148148148145, 6.388888888888889], "1": [9.07407407407407, 11.018518518518517, 7.0370370370370345, 9.537037037037036, 6.111111111111111], "2": [9.629629629629632, 9.907407407407405, 6.851851851851854, 12.592592592592593, 8.61111111111111], "3": [11.111111111111109, 5.277777777777778, 8.518518518518517, 13.796296296296296, 10.370370370370368], "4": [13.333333333333337, 4.444444444444444, 5.653021442495127, 4.259259259259259, 4.629629629629628], "5": [17.59259259259259, 12.5, 9.814814814814817, 5.0, 9.074074074074074], "6": [16.666666666666668, 15.185185185185185, 4.907407407407407, 5.462962962962961, 5.37037037037037], "7": [9.722222222222221, 6.9444444444444455, 6.7592592592592595, 8.966861598440547, 6.944444444444447], "8": [14.25925925925926, 11.944444444444443, 6.018518518518519, 9.202453987730062, 9.166666666666666], "9": [11.111111111111116, 9.999999999999998, 7.314814814814816, 11.574074074074074, 9.962241877135492]}, "minDCF": {"0": [0.6062378167641329, 0.42222222222222205, 0.44351851851851815, 0.46296296296296285, 0.2240740740740739], "1": [0.4157407407407406, 0.3305555555555552, 0.2675925925925924, 0.2972222222222221, 0.1722222222222222], "2": [0.4046296296296293, 0.3638888888888885, 0.29259259259259257, 0.41759259259259235, 0.3462962962962961], "3": [0.3787037037037036, 0.29999999999999954, 0.3120370370370369, 0.40092592592592585, 0.3546296296296294], "4": [0.5194444444444443, 0.21851851851851822, 0.24951267056530205, 0.14629629629629626, 0.28055555555555545], "5": [0.7425925925925924, 0.4064814814814814, 0.37870370370370354, 0.28333333333333316, 0.5351851851851847], "6": [0.644444444444444, 0.5111111111111108, 0.4537037037037033, 0.2898148148148146, 0.3092592592592589], "7": [0.4148148148148147, 0.43981481481481427, 0.36018518518518516, 0.324561403508772, 0.3416666666666664], "8": [0.6851851851851847, 0.28703703703703703, 0.2546296296296295, 0.3854805725971369, 0.4055555555555553], "9": [0.5333333333333331, 0.5888888888888887, 0.35092592592592564, 0.39351851851851843, 0.3523523523523524]}}, "all": {"eer": {"0": [], "1": [], "2": [], "3": [], "4": [], "5": [], "6": [], "7": [], "8": [], "9": []}, "minDCF": {"0": [], "1": [], "2": [], "3": [], "4": [], "5": [], "6": [], "7": [], "8": [], "9": []}}}}