{"eval": {"female": {"eer": {"0": [], "1": [], "2": [], "3": [], "4": [], "5": [], "6": [], "7": [], "8": [], "9": []}, "minDCF": {"0": [], "1": [], "2": [], "3": [], "4": [], "5": [], "6": [], "7": [], "8": [], "9": []}}, "male": {"eer": {"0": [15.98440545808967, 11.481481481481483, 7.037037037037035, 5.462962962962962, 7.777777777777779], "1": [5.5555555555555545, 9.259259259259258, 5.648148148148146, 8.611111111111112, 6.203703703703705], "2": [7.222222222222221, 10.370370370370374, 6.11111111111111, 12.962962962962962, 6.111111111111111], "3": [12.407407407407407, 5.833333333333335, 11.296296296296298, 14.722222222222221, 9.25925925925926], "4": [14.444444444444445, 4.351851851851852, 4.9707602339181305, 3.3333333333333317, 7.592592592592592], "5": [15.092592592592593, 11.66666666666667, 11.666666666666666, 3.611111111111112, 9.537037037037036], "6": [19.35185185185185, 16.38888888888889, 7.592592592592592, 7.592592592592592, 7.037037037037039], "7": [7.962962962962962, 6.388888888888889, 6.574074074074075, 6.627680311890842, 7.962962962962962], "8": [13.611111111111112, 13.796296296296298, 5.370370370370371, 6.748466257668714, 10.555555555555555], "9": [11.111111111111109, 9.35185185185185, 6.574074074074075, 13.055555555555557, 12.058258866769505]}, "minDCF": {"0": [0.5886939571150096, 0.4481481481481479, 0.42407407407407366, 0.4361111111111109, 0.29259259259259246], "1": [0.39999999999999947, 0.2574074074074073, 0.2287037037037036, 0.34074074074074073, 0.23703703703703685], "2": [0.3592592592592589, 0.43148148148148097, 0.24074074074074062, 0.43518518518518506, 0.3444444444444441], "3": [0.5046296296296297, 0.33148148148148093, 0.4277777777777776, 0.43425925925925907, 0.36203703703703694], "4": [0.4879629629629629, 0.28611111111111076, 0.2387914230019487, 0.09999999999999996, 0.39259259259259244], "5": [0.7388888888888886, 0.34074074074074057, 0.4046296296296294, 0.2138888888888885, 0.46111111111111064], "6": [0.6749999999999997, 0.5222222222222218, 0.45833333333333276, 0.5111111111111108, 0.3537037037037034], "7": [0.4203703703703702, 0.42777777777777753, 0.38703703703703685, 0.276803118908382, 0.39444444444444443], "8": [0.5657407407407404, 0.41944444444444423, 0.2731481481481481, 0.3854805725971364, 0.4009259259259255], "9": [0.572222222222222, 0.5305555555555551, 0.4018518518518516, 0.3527777777777776, 0.38338338338338335]}}, "all": {"eer": {"0": [], "1": [], "2": [], "3": [], "4": [], "5": [], "6": [], "7": [], "8": [], "9": []}, "minDCF": {"0": [], "1": [], "2": [], "3": [], "4": [], "5": [], "6": [], "7": [], "8": [], "9": []}}}}