{"eval": {"female": {"eer": {"0": [], "1": [], "2": [], "3": [], "4": [], "5": [], "6": [], "7": [], "8": [], "9": []}, "minDCF": {"0": [], "1": [], "2": [], "3": [], "4": [], "5": [], "6": [], "7": [], "8": [], "9": []}}, "male": {"eer": {"0": [9.649122807017543, 4.7222222222222205, 4.166666666666668, 2.5, 4.722222222222222], "1": [4.629629629629628, 2.2222222222222214, 0.9259259259259247, 2.4074074074074066, 1.9444444444444455], "2": [6.94444444444444, 4.444444444444444, 2.037037037037038, 11.666666666666666, 4.074074074074072], "3": [9.629629629629628, 5.37037037037037, 7.037037037037037, 10.74074074074074, 11.01851851851852], "4": [12.314814814814815, 6.666666666666664, 6.140350877192984, 5.277777777777779, 7.129629629629632], "5": [9.444444444444445, 6.5740740740740735, 3.7962962962962954, 1.7592592592592602, 5.555555555555556], "6": [7.222222222222224, 10.092592592592593, 4.814814814814815, 1.574074074074075, 2.314814814814817], "7": [7.499999999999999, 3.1481481481481484, 2.0370370370370385, 1.2670565302144265, 1.759259259259261], "8": [12.870370370370368, 6.851851851851854, 3.5185185185185204, 3.5787321063394693, 7.129629629629629], "9": [5.462962962962961, 4.259259259259259, 1.2962962962962967, 3.0555555555555554, 3.8038038038038073]}, "minDCF": {"0": [0.31286549707602324, 0.2046296296296294, 0.28796296296296275, 0.17037037037036992, 0.17870370370370348], "1": [0.2046296296296294, 0.07129629629629625, 0.027777777777777766, 0.08055555555555544, 0.0749999999999999], "2": [0.286111111111111, 0.2601851851851847, 0.0833333333333333, 0.4018518518518517, 0.29074074074074047], "3": [0.36666666666666653, 0.30462962962962925, 0.2981481481481481, 0.34814814814814804, 0.41018518518518515], "4": [0.2796296296296296, 0.26481481481481467, 0.21247563352826507, 0.223148148148148, 0.4148148148148143], "5": [0.34351851851851833, 0.3787037037037033, 0.19907407407407396, 0.09259259259259243, 0.31388888888888866], "6": [0.3666666666666664, 0.3685185185185183, 0.33333333333333315, 0.15370370370370343, 0.23055555555555504], "7": [0.30462962962962953, 0.15185185185185154, 0.1055555555555555, 0.07602339181286509, 0.0722222222222222], "8": [0.4074074074074074, 0.1953703703703703, 0.10555555555555553, 0.17280163599181986, 0.24351851851851838], "9": [0.2703703703703702, 0.2574074074074071, 0.07222222222222217, 0.11759259259259247, 0.16816816816816813]}}, "all": {"eer": {"0": [], "1": [], "2": [], "3": [], "4": [], "5": [], "6": [], "7": [], "8": [], "9": []}, "minDCF": {"0": [], "1": [], "2": [], "3": [], "4": [], "5": [], "6": [], "7": [], "8": [], "9": []}}}}