{"female": {"eer": 0.0, "minDCF": 0.0}, "male": {"eer": 0.04166666666666667, "minDCF": 0.002106462585033909}, "all": {"eer": 0.03733333333333333, "minDCF": 0.001142857142857143}}