{"female": [0.7744399309158325, 0.7279475927352905], "male": [0.6648098230361938, 0.6964592933654785], "all": [0.6669297218322754, 0.7023583650588989]}