{"dev": {"female": {"eer": {"0": [4.68, 5.71, 5.84], "1": [7.53, 7.67, 8.33], "2": [5.23, 4.98, 4.37], "3": [2.27, 2.63, 2.57], "4": [7.98, 7.5, 7.69], "5": [5.37, 5.35, 6.09], "6": [7.16, 6.28, 6.83], "7": [3.39, 3.95, 3.98], "8": [3.57, 4.41, 2.76], "9": [6.57, 5.76, 7.21]}, "minDCF": {"0": [0.3737, 0.4129, 0.4594], "1": [0.4775, 0.5296, 0.5198], "2": [0.2381, 0.2534, 0.2543], "3": [0.1482, 0.1746, 0.1949], "4": [0.4932, 0.4492, 0.4444], "5": [0.4281, 0.3956, 0.4704], "6": [0.6132, 0.4977, 0.4982], "7": [0.1962, 0.3382, 0.2789], "8": [0.3258, 0.2728, 0.2174], "9": [0.4817, 0.3787, 0.4689]}}, "male": {"eer": {"0": [6.82, 6.87, 6.51], "1": [4.02, 5.94, 5.61], "2": [5.34, 5.08, 4.89], "3": [5.85, 5.37, 5.87], "4": [7.64, 7.89, 8.9], "5": [5.38, 6.23, 6.26], "6": [4.58, 4.7, 4.5], "7": [5.35, 5.53, 6.12], "8": [4.53, 4.97, 4.52], "9": [4.59, 4.47, 4.92]}, "minDCF": {"0": [0.388, 0.3755, 0.3658], "1": [0.295, 0.4254, 0.398], "2": [0.2889, 0.2997, 0.3133], "3": [0.3395, 0.3043, 0.3226], "4": [0.3457, 0.3408, 0.4091], "5": [0.3752, 0.4044, 0.4346], "6": [0.257, 0.279, 0.2532], "7": [0.3429, 0.3567, 0.3546], "8": [0.2731, 0.2972, 0.2644], "9": [0.4087, 0.3848, 0.3802]}}, "overall": {"eer": {"0": [5.75, 6.29, 6.17], "1": [5.77, 6.81, 6.97], "2": [5.29, 5.03, 4.63], "3": [4.06, 4.0, 4.22], "4": [7.81, 7.69, 8.3], "5": [5.37, 5.79, 6.17], "6": [5.87, 5.49, 5.66], "7": [4.37, 4.74, 5.05], "8": [4.05, 4.69, 3.64], "9": [5.58, 5.11, 6.06]}, "minDCF": {"0": [0.38085, 0.3942, 0.4125999999999999], "1": [0.38625, 0.4775, 0.4589], "2": [0.2635, 0.27655, 0.2838], "3": [0.24385, 0.23945, 0.25875], "4": [0.41945, 0.395, 0.42675], "5": [0.7877, 0.4, 0.4525], "6": [0.8083, 0.38835, 0.3757], "7": [0.26955, 0.34745, 0.31675], "8": [0.58485, 0.285, 0.2409], "9": [0.4452, 0.38175, 0.42455]}}}, "eval": {"female": {"eer": {"0": [7.735816326530612, 6.878367346938775, 8.802244897959184], "1": [8.067857142857143, 8.70734693877551, 8.43765306122449], "2": [5.327551020408163, 3.012142857142857, 3.1398979591836733], "3": [3.07704081632653, 3.6366326530612247, 4.911632653061225], "4": [6.897551020408163, 6.97734693877551, 7.243979591836734], "5": [9.601632653061223, 6.671020408163265, 8.643061224489797], "6": [4.292857142857143, 6.932040816326531, 4.179795918367347], "7": [4.7545918367346935, 5.548673469387755, 5.569897959183673], "8": [4.277857142857143, 4.264795918367346, 4.290918367346939], "9": [4.629489795918367, 5.601428571428571, 5.122857142857143]}, "minDCF": {"0": [0.4360857142857142, 0.4373387755102041, 0.5088938775510203], "1": [0.4180244897959183, 0.5755918367346938, 0.5220469387755102], "2": [0.3222367346938776, 0.2518918367346938, 0.2804918367346938], "3": [0.2169857142857142, 0.2494612244897959, 0.276465306122449], "4": [0.452434693877551, 0.4584102040816326, 0.4166102040816326], "5": [0.5209265306122449, 0.4702448979591836, 0.5680285714285715], "6": [0.3340591836734694, 0.5436448979591837, 0.4008020408163266], "7": [0.2617918367346938, 0.308738775510204, 0.3497020408163265], "8": [0.2922408163265306, 0.2701857142857142, 0.2523979591836734], "9": [0.3514979591836735, 0.3786714285714285, 0.3441408163265306]}}, "male": {"eer": {"0": [7.640816326530612, 7.804158163265306, 7.661913265306122], "1": [5.3472959183673465, 7.412270408163265, 5.7545918367346935], "2": [7.743622448979592, 5.969744897959184, 6.605867346938775], "3": [8.60030612244898, 7.635535714285714, 7.705204081632654], "4": [6.194795918367347, 6.697780612244896, 7.934897959183673], "5": [6.999260204081634, 7.467551020408164, 7.75329081632653], "6": [6.890586734693878, 6.557551020408163, 7.448826530612244], "7": [6.0715306122448975, 5.827678571428572, 6.286147959183673], "8": [5.58579081632653, 5.578622448979592, 6.165918367346938], "9": [4.867959183673469, 5.165229591836734, 5.697117346938775]}, "minDCF": {"0": [0.5162938775510204, 0.5059846938775511, 0.4878948979591836], "1": [0.4156647959183673, 0.5291224489795918, 0.4374214285714285], "2": [0.4674678571428571, 0.3880530612244898, 0.5166265306122448], "3": [0.5736770408163264, 0.4812770408163265, 0.4771882653061224], "4": [0.3032969387755101, 0.3275311224489796, 0.4093224489795918], "5": [0.3869020408163265, 0.4220107142857143, 0.4407030612244898], "6": [0.4318974489795918, 0.4459586734693877, 0.5441454081632653], "7": [0.4270607142857142, 0.3261617346938775, 0.3625816326530612], "8": [0.3650678571428571, 0.3681158163265306, 0.4324622448979591], "9": [0.3752535714285714, 0.3975979591836734, 0.3985142857142857]}}, "overall": {"eer": {"0": [7.688316326530613, 7.341262755102041, 8.232079081632653], "1": [6.707576530612245, 8.059808673469387, 7.096122448979592], "2": [6.535586734693878, 4.49094387755102, 4.872882653061224], "3": [5.838673469387755, 5.63608418367347, 6.308418367346939], "4": [6.546173469387755, 6.837563775510203, 7.589438775510203], "5": [8.30044642857143, 7.069285714285715, 8.198176020408162], "6": [5.59172193877551, 6.7447959183673465, 5.814311224489796], "7": [5.413061224489796, 5.688176020408164, 5.928022959183673], "8": [4.931823979591837, 4.921709183673469, 5.228418367346938], "9": [4.748724489795919, 5.3833290816326524, 5.409987244897959]}, "minDCF": {"0": [0.4761897959183673, 0.4716617346938776, 0.498394387755102], "1": [0.4168446428571428, 0.5523571428571428, 0.4797341836734693], "2": [0.3948522959183673, 0.3199724489795918, 0.3985591836734693], "3": [0.3953313775510203, 0.3653691326530612, 0.3768267857142857], "4": [0.3778658163265306, 0.3929706632653061, 0.4129663265306122], "5": [0.4539142857142857, 0.446127806122449, 0.5043658163265307], "6": [0.3829783163265306, 0.4948017857142857, 0.4724737244897959], "7": [0.344426275510204, 0.3174502551020408, 0.3561418367346938], "8": [0.3286543367346938, 0.3191507653061224, 0.3424301020408163], "9": [0.3633757653061225, 0.388134693877551, 0.3713275510204081]}}}}