{"dev": {"female": {"eer": {"0": [6.06, 6.27, 5.14], "1": [5.31, 5.06, 8.14], "2": [5.0, 4.41, 5.06], "3": [3.38, 2.8, 2.94], "4": [8.08, 6.58, 9.68], "5": [5.03, 5.8, 5.09], "6": [5.18, 7.14, 6.17], "7": [4.39, 4.24, 3.17], "8": [4.24, 2.49, 3.94], "9": [8.06, 9.21, 6.39]}, "minDCF": {"0": [0.4048, 0.3867, 0.3726], "1": [0.4334, 0.374, 0.5307], "2": [0.2908, 0.2494, 0.2648], "3": [0.1888, 0.1579, 0.2021], "4": [0.451, 0.3754, 0.5699], "5": [0.3603, 0.3062, 0.4182], "6": [0.3297, 0.8302, 0.414], "7": [0.3023, 0.3307, 0.2225], "8": [0.2637, 0.1764, 0.2592], "9": [0.4347, 0.6405, 0.4738]}}, "male": {"eer": {"0": [5.34, 5.92, 6.9], "1": [5.58, 5.54, 5.49], "2": [4.58, 4.33, 4.9], "3": [5.99, 5.61, 5.82], "4": [7.31, 7.68, 8.42], "5": [7.55, 6.28, 6.36], "6": [4.56, 5.6, 4.88], "7": [4.83, 4.51, 5.34], "8": [5.08, 4.78, 4.76], "9": [4.63, 6.09, 4.72]}, "minDCF": {"0": [0.308, 0.3402, 0.3713], "1": [0.3992, 0.4071, 0.3952], "2": [0.2917, 0.2768, 0.2933], "3": [0.3021, 0.311, 0.3158], "4": [0.3737, 0.3524, 0.3823], "5": [0.4977, 0.3966, 0.4525], "6": [0.266, 0.3226, 0.2961], "7": [0.2835, 0.2803, 0.326], "8": [0.3048, 0.2908, 0.2887], "9": [0.3476, 0.4292, 0.3846]}}, "overall": {"eer": {"0": [5.7, 6.09, 6.02], "1": [5.44, 5.3, 6.82], "2": [4.79, 4.37, 4.98], "3": [4.68, 4.2, 4.38], "4": [7.7, 7.13, 9.05], "5": [6.29, 6.04, 5.73], "6": [4.87, 6.37, 5.53], "7": [4.61, 4.37, 4.25], "8": [4.66, 3.63, 4.35], "9": [6.35, 7.65, 5.55]}, "minDCF": {"0": [0.3564, 0.36345, 0.37195], "1": [0.4163, 0.7817500000000001, 0.46295], "2": [0.29125, 0.2631, 0.27905], "3": [0.24545, 0.23445, 0.25895], "4": [0.41235, 0.7595500000000001, 0.4760999999999999], "5": [0.429, 0.3514, 0.43535], "6": [0.29785, 0.5764, 0.35505], "7": [0.2929, 0.3055, 0.27425], "8": [0.28425, 0.2336, 0.27395], "9": [0.39115, 0.53485, 0.4292]}}}, "eval": {"female": {"eer": {"0": [8.001632653061225, 6.496428571428571, 9.33265306122449], "1": [7.085408163265307, 7.6669387755102045, 10.967142857142855], "2": [4.306530612244898, 2.630918367346939, 3.6274489795918368], "3": [4.395816326530612, 4.381836734693877, 4.518877551020408], "4": [9.183469387755103, 9.06918367346939, 8.616326530612245], "5": [7.337142857142857, 5.332857142857144, 6.6168367346938775], "6": [4.8973469387755095, 6.520204081632652, 6.070306122448979], "7": [6.249897959183674, 4.945408163265307, 5.364489795918368], "8": [6.63795918367347, 4.7726530612244895, 3.79030612244898], "9": [5.644795918367347, 6.23204081632653, 5.168673469387755]}, "minDCF": {"0": [0.4773367346938775, 0.4275306122448979, 0.5106510204081632], "1": [0.4515265306122449, 0.4041408163265306, 0.632742857142857], "2": [0.3044183673469387, 0.1898795918367347, 0.3263122448979592], "3": [0.2730102040816327, 0.2982163265306122, 0.2705897959183673], "4": [0.4854061224489796, 0.4786918367346938, 0.4318959183673469], "5": [0.5125612244897959, 0.3229408163265306, 0.4156428571428571], "6": [0.3459795918367347, 0.4835387755102041, 0.431604081632653], "7": [0.3493020408163265, 0.3513857142857143, 0.294373469387755], "8": [0.3659510204081632, 0.3311755102040816, 0.2458877551020408], "9": [0.3682530612244898, 0.5795775510204082, 0.3832204081632652]}}, "male": {"eer": {"0": [7.900586734693876, 8.451913265306121, 8.189362244897959], "1": [7.322270408163265, 6.040204081632653, 6.501862244897961], "2": [4.779897959183674, 6.801913265306123, 6.3389030612244905], "3": [7.4998469387755105, 7.650382653061224, 7.858061224489796], "4": [7.678698979591838, 6.684923469387755, 7.102423469387756], "5": [9.23594387755102, 6.838265306122448, 8.03377551020408], "6": [6.529617346938775, 8.928724489795918, 7.66079081632653], "7": [6.604770408163266, 5.627142857142857, 5.799362244897959], "8": [5.7995918367346935, 6.412704081632653, 6.709821428571429], "9": [4.316887755102041, 6.122423469387756, 5.383494897959183]}, "minDCF": {"0": [0.5106005102040816, 0.5939448979591836, 0.5362275510204081], "1": [0.5079035714285715, 0.4780908163265305, 0.46715], "2": [0.2637739795918367, 0.5355367346938775, 0.3719331632653061], "3": [0.5636933673469388, 0.5375035714285714, 0.5590836734693877], "4": [0.407719387755102, 0.3456780612244898, 0.3936316326530611], "5": [0.5562326530612245, 0.4484551020408163, 0.4679607142857143], "6": [0.4247581632653061, 0.6945117346938775, 0.533904081632653], "7": [0.4841127551020407, 0.4114831632653061, 0.3229948979591837], "8": [0.4192739795918366, 0.450519387755102, 0.4424795918367347], "9": [0.3091015306122448, 0.4286918367346938, 0.3940795918367347]}}, "overall": {"eer": {"0": [7.951109693877551, 7.474170918367346, 8.761007653061224], "1": [7.203839285714286, 6.853571428571429, 8.734502551020409], "2": [4.543214285714286, 4.716415816326531, 4.983176020408163], "3": [5.947831632653061, 6.016109693877551, 6.188469387755102], "4": [8.43108418367347, 7.877053571428572, 7.859375], "5": [8.286543367346939, 6.085561224489796, 7.325306122448978], "6": [5.713482142857142, 7.724464285714285, 6.865548469387755], "7": [6.427334183673469, 5.2862755102040815, 5.581926020408163], "8": [6.218775510204082, 5.592678571428571, 5.250063775510204], "9": [4.980841836734694, 6.177232142857143, 5.276084183673469]}, "minDCF": {"0": [0.4939686224489795, 0.5107377551020408, 0.5234392857142857], "1": [0.4797150510204082, 0.4411158163265306, 0.5499464285714286], "2": [0.2840961734693877, 0.3627081632653061, 0.3491227040816326], "3": [0.4183517857142857, 0.4178599489795918, 0.4148367346938775], "4": [0.4465627551020408, 0.4121849489795918, 0.412763775510204], "5": [0.5343969387755102, 0.3856979591836734, 0.4418017857142857], "6": [0.3853688775510204, 0.5890252551020408, 0.482754081632653], "7": [0.4167073979591836, 0.3814344387755102, 0.3086841836734694], "8": [0.3926124999999999, 0.3908474489795918, 0.3441836734693878], "9": [0.3386772959183673, 0.504134693877551, 0.3886499999999999]}}}}