{"dev": {"female": {"eer": {"0": [6.74, 6.39, 6.86, 7.18, 6.82], "1": [6.1, 7.94, 7.01, 6.02, 7.82], "2": [3.52, 3.86, 4.16, 5.45, 6.29], "3": [2.98, 3.78, 3.76, 3.51, 3.16], "4": [8.18, 7.6, 11.12, 9.45, 9.96], "5": [4.86, 7.21, 8.56, 6.0, 8.35], "6": [6.33, 7.02, 8.43, 8.53, 8.13], "7": [4.27, 4.88, 4.73, 4.44, 6.42], "8": [2.59, 3.24, 4.15, 2.93, 2.32], "9": [8.2, 7.78, 7.22, 8.79, 8.51]}, "minDCF": {"0": [0.4721, 0.364, 0.4451, 0.5066, 0.4157], "1": [0.4328, 0.6597, 0.4617, 0.4875, 0.5228], "2": [0.2203, 0.26, 0.2346, 0.3232, 0.3438], "3": [0.168, 0.2342, 0.1982, 0.1851, 0.1937], "4": [0.5314, 0.4447, 0.5214, 0.5024, 0.5189], "5": [0.3247, 0.4717, 0.5424, 0.3948, 0.5359], "6": [0.5917, 0.6695, 0.5752, 0.4549, 0.4899], "7": [0.2986, 0.4674, 0.4149, 0.3451, 0.5416], "8": [0.1868, 0.2244, 0.2905, 0.1984, 0.1662], "9": [0.5286, 0.5715, 0.4938, 0.5699, 0.4916]}}, "male": {"eer": {"0": [6.64, 5.61, 6.96, 5.77, 6.56], "1": [5.9, 5.59, 6.93, 7.31, 7.03], "2": [4.02, 4.22, 5.02, 5.86, 5.45], "3": [4.76, 7.04, 6.65, 5.64, 5.09], "4": [8.42, 6.69, 8.16, 7.81, 7.99], "5": [6.59, 7.66, 6.07, 6.47, 8.6], "6": [5.48, 3.6, 5.5, 5.4, 5.4], "7": [4.81, 4.87, 5.24, 5.9, 5.63], "8": [4.37, 5.16, 5.26, 6.26, 6.23], "9": [4.61, 5.9, 5.25, 5.41, 4.71]}, "minDCF": {"0": [0.3793, 0.3496, 0.3823, 0.3479, 0.376], "1": [0.4444, 0.3996, 0.4919, 0.4783, 0.4996], "2": [0.2581, 0.2436, 0.2654, 0.3109, 0.3341], "3": [0.2889, 0.3602, 0.3432, 0.2935, 0.2657], "4": [0.4215, 0.3134, 0.3904, 0.3781, 0.3946], "5": [0.4471, 0.4668, 0.4207, 0.4619, 0.487], "6": [0.2907, 0.2247, 0.2911, 0.298, 0.2706], "7": [0.2864, 0.3007, 0.3181, 0.3429, 0.3353], "8": [0.295, 0.3223, 0.3209, 0.3694, 0.3275], "9": [0.3841, 0.4756, 0.3227, 0.3632, 0.355]}}, "overall": {"eer": {"0": [6.69, 6.0, 6.91, 6.48, 6.69], "1": [6.0, 6.77, 6.97, 6.67, 7.42], "2": [3.77, 4.04, 4.59, 5.66, 5.87], "3": [3.87, 5.41, 5.2, 4.58, 4.13], "4": [8.3, 7.14, 9.64, 8.63, 8.98], "5": [5.72, 7.43, 7.32, 6.24, 8.48], "6": [5.9, 5.31, 6.96, 6.96, 6.76], "7": [4.54, 4.87, 4.98, 5.17, 6.03], "8": [3.48, 4.2, 4.71, 4.6, 4.27], "9": [6.41, 6.84, 6.24, 7.1, 6.61]}, "minDCF": {"0": [0.4257, 0.3568, 0.4136999999999999, 0.42725, 0.39585], "1": [0.4386, 0.52965, 0.96645, 0.4829, 0.5112], "2": [0.2392, 0.2518, 0.25, 0.31705, 0.33895], "3": [0.22845, 0.2972, 0.2707, 0.2392999999999999, 0.2297], "4": [0.47645, 0.37905, 0.4558999999999999, 0.44025, 0.45675], "5": [0.3859, 0.46925, 0.48155, 0.42835, 0.51145], "6": [0.89885, 0.4471, 0.43315, 0.37645, 0.38025], "7": [0.2925, 0.38405, 0.7554500000000001, 0.344, 0.43845], "8": [0.2409, 0.27335, 0.3056999999999999, 0.2839, 0.24685], "9": [0.45635, 0.52355, 0.40825, 0.46655, 0.4233]}}}, "eval": {"female": {"eer": {"0": [7.16469387755102, 5.208775510204082, 5.686734693877551, 5.996530612244897, 6.631632653061224], "1": [8.38438775510204, 10.493367346938776, 7.361428571428571, 10.184897959183674, 9.130816326530612], "2": [3.1328571428571426, 6.418877551020409, 3.1763265306122443, 4.281734693877551, 4.99765306122449], "3": [5.045816326530613, 4.734591836734694, 3.9042857142857135, 7.465102040816326, 4.301734693877552], "4": [7.996530612244898, 7.923673469387754, 10.737142857142857, 10.581326530612245, 8.613979591836735], "5": [7.114795918367348, 8.408163265306124, 10.230204081632651, 7.199591836734694, 9.163469387755102], "6": [5.57734693877551, 4.73030612244898, 4.90765306122449, 6.8680612244897965, 5.15234693877551], "7": [5.538979591836735, 5.159183673469387, 4.093469387755102, 5.083061224489796, 5.290816326530613], "8": [5.441836734693878, 5.263979591836734, 6.979591836734694, 6.7424489795918365, 5.818061224489797], "9": [7.650204081632653, 5.941632653061224, 4.114489795918368, 4.427959183673469, 6.081836734693877]}, "minDCF": {"0": [0.3912285714285714, 0.3536204081632653, 0.3557122448979591, 0.4054877551020408, 0.4445428571428571], "1": [0.392438775510204, 0.6039204081632653, 0.5402755102040815, 0.4692163265306122, 0.4837551020408163], "2": [0.2138122448979592, 0.3918979591836735, 0.2546551020408163, 0.3295632653061224, 0.2739122448979592], "3": [0.3063857142857143, 0.3363816326530612, 0.2474081632653061, 0.4540489795918367, 0.3075612244897959], "4": [0.4643367346938775, 0.4470387755102041, 0.4944081632653061, 0.500277551020408, 0.4802489795918367], "5": [0.4318428571428571, 0.5048469387755102, 0.5932999999999999, 0.4299489795918367, 0.574665306122449], "6": [0.4451285714285714, 0.5253061224489796, 0.3265224489795918, 0.3725183673469388, 0.3825469387755102], "7": [0.3148734693877551, 0.3417795918367346, 0.2728775510204081, 0.3421877551020408, 0.3722163265306122], "8": [0.3819367346938775, 0.3111285714285714, 0.6296102040816326, 0.3495734693877551, 0.3535265306122449], "9": [0.5192183673469387, 0.4020755102040816, 0.3687183673469387, 0.4250448979591836, 0.4066408163265306]}}, "male": {"eer": {"0": [9.046326530612244, 7.250382653061224, 7.849362244897959, 7.461071428571428, 8.444107142857144], "1": [6.501607142857144, 5.649336734693877, 7.692729591836735, 8.818443877551022, 6.618979591836735], "2": [4.62076530612245, 5.438188775510204, 6.24390306122449, 7.1180612244897965, 5.8586989795918365], "3": [5.94484693877551, 7.45469387755102, 7.505000000000001, 6.83813775510204, 6.2681632653061214], "4": [7.319719387755103, 7.433061224489795, 7.623239795918367, 7.802780612244897, 7.871556122448979], "5": [7.450178571428571, 7.986505102040817, 8.806352040816327, 7.879515306122449, 9.156020408163265], "6": [9.125433673469388, 6.569285714285714, 8.837117346938776, 8.283826530612245, 6.802678571428572], "7": [6.686505102040817, 6.521683673469387, 6.590714285714286, 7.3635714285714275, 7.115586734693877], "8": [5.944030612244898, 6.552755102040816, 5.349872448979593, 6.071658163265306, 6.813494897959184], "9": [5.408826530612245, 5.225765306122448, 5.162908163265306, 6.5747959183673474, 4.776632653061225]}, "minDCF": {"0": [0.6063510204081632, 0.4906209183673469, 0.5634714285714285, 0.6349647959183674, 0.6889275510204081], "1": [0.4145163265306123, 0.4491938775510204, 0.5357586734693877, 0.5576132653061224, 0.5326020408163264], "2": [0.3437525510204082, 0.321219387755102, 0.3434908163265305, 0.4075198979591836, 0.3366494897959183], "3": [0.3779913265306123, 0.4794647959183673, 0.421079081632653, 0.4659010204081632, 0.4704913265306122], "4": [0.4069132653061225, 0.3544719387755102, 0.4253209183673469, 0.3610821428571428, 0.4184204081632653], "5": [0.4126923469387755, 0.4602448979591836, 0.4416173469387754, 0.4585591836734694, 0.5147892857142857], "6": [0.7683448979591836, 0.4406489795918367, 0.616194387755102, 0.5329260204081632, 0.4408780612244897], "7": [0.422154081632653, 0.4553025510204081, 0.4234806122448979, 0.4363352040816326, 0.4605617346938775], "8": [0.4359479591836734, 0.3542658163265306, 0.3742158163265306, 0.3730040816326531, 0.4041158163265306], "9": [0.3972795918367347, 0.4148647959183673, 0.3740862244897959, 0.4527372448979592, 0.3547515306122449]}}, "overall": {"eer": {"0": [8.105510204081632, 6.229579081632653, 6.768048469387756, 6.728801020408163, 7.537869897959184], "1": [7.442997448979591, 8.071352040816326, 7.527079081632653, 9.50167091836735, 7.874897959183674], "2": [3.876811224489796, 5.928533163265307, 4.710114795918367, 5.699897959183674, 5.428176020408163], "3": [5.495331632653061, 6.094642857142857, 5.704642857142858, 7.151619897959183, 5.284948979591837], "4": [7.658125, 7.678367346938774, 9.180191326530611, 9.19205357142857, 8.242767857142857], "5": [7.282487244897959, 8.19733418367347, 9.518278061224487, 7.539553571428572, 9.159744897959182], "6": [7.351390306122449, 5.649795918367347, 6.872385204081633, 7.575943877551021, 5.977512755102041], "7": [6.112742346938775, 5.840433673469388, 5.342091836734694, 6.223316326530612, 6.203201530612245], "8": [5.692933673469388, 5.908367346938775, 6.164732142857144, 6.407053571428572, 6.31577806122449], "9": [6.529515306122449, 5.583698979591836, 4.638698979591837, 5.501377551020408, 5.429234693877551]},