{"female": {"eer": 8.18, "minDCF": 0.7469006802721088}, "male": {"eer": 8.49, "minDCF": 0.689423469387754}, "all": {"eer": 8.514666666666667, "minDCF": 0.7034380952380953}}