{"female": [0.7129637002944946, 0.8010269999504089], "male": [0.6909513473510742, 0.7907100915908813], "all": [0.6962761878967285, 0.7927963733673096]}