{"eval": {"female": {"eer": {"0": [13.353333333333332, 4.453333333333333, 3.986666666666667, 1.6870748299319782, 0.5066666666666666], "1": [13.83673469387755, 4.166666666666666, 0.8299319727891108, 0.6394557823129254, 0.5306122448979544], "2": [8.966666666666667, 2.3800000000000003, 1.1, 0.6133333333333334, 0.2040816326530636], "3": [9.433333333333334, 2.02, 0.5466666666666666, 0.2333333333333333, 0.1399999999999999], "4": [13.166666666666666, 4.793333333333334, 0.86, 1.17006802721088, 0.8163265306122436], "5": [13.273333333333332, 4.29931972789116, 2.6066666666666665, 0.9133333333333332, 0.0866666666666666], "6": [5.986666666666666, 0.7066666666666667, 0.1266666666666666, 0.0272108843537455, 0.0136054421768672], "7": [10.897959183673468, 2.884353741496604, 0.5986394557823127, 0.22, 0.0408163265306127], "8": [7.446666666666666, 1.6133333333333333, 0.4081632653061273, 0.1904761904761853, 0.1496598639455837], "9": [10.82993197278912, 3.020408163265309, 1.387755102040822, 0.7619047619047636, 0.3129251700680235]}, "minDCF": {"0": [0.5793551020408162, 0.2091891156462579, 0.1332340136054419, 0.0782775510204083, 0.0135115646258502], "1": [0.6406585034013601, 0.227504761904761, 0.063185034013606, 0.0408721088435379, 0.0197510204081622], "2": [0.3629197278911557, 0.1337727891156458, 0.0645496598639464, 0.0219795918367339, 0.0097020408163263], "3": [0.406063945578231, 0.1076462585034006, 0.026638095238096, 0.0122775510204076, 0.0035795918367345], "4": [0.6344693877551029, 0.280565986394557, 0.0794829931972782, 0.0818802721088425, 0.0648408163265302], "5": [0.6088925170068034, 0.2242911564625845, 0.1611673469387751, 0.0633020408163262, 0.008697959183673], "6": [0.3215591836734686, 0.0494149659863938, 0.0101428571428564, 0.0012244897959183, 0.0002721088435374], "7": [0.4717020408163271, 0.1314176870748296, 0.0449863945578231, 0.0166408163265304, 0.0020829931972787], "8": [0.3597673469387756, 0.1121265306122459, 0.0269102040816335, 0.0161809523809519, 0.0090217687074828], "9": [0.5169061224489794, 0.1786897959183678, 0.0592721088435374, 0.0347401360544219, 0.0242408163265296]}}, "male": {"eer": {"0": [9.31632653061224, 2.255102040816326, 1.085034013605446, 0.32, 0.125], "1": [9.04081632653061, 2.52, 1.1133333333333333, 0.83, 0.185], "2": [8.228333333333333, 2.388333333333333, 0.9387755102040818, 0.2116666666666667, 0.0952380952380926], "3": [8.578333333333333, 2.5416666666666665, 0.7100000000000001, 0.415, 0.2383333333333333], "4": [5.883333333333334, 1.245, 0.9633333333333334, 0.0983333333333333, 0.1190476190476186], "5": [7.401666666666666, 1.9149659863945567, 0.8983333333333333, 0.2959183673469368, 0.0884353741496646], "6": [6.816326530612249, 1.6598639455782327, 0.6566666666666667, 0.2210884353741504, 0.2925170068027172], "7": [11.27, 3.788333333333333, 1.3435374149659896, 0.6258503401360582, 0.2074829931972832], "8": [8.404761904761903, 1.8401360544217704, 0.812925170068024, 0.7250000000000001, 0.4081632653061273], "9": [7.476666666666667, 2.3083333333333336, 1.1122448979591804, 0.6533333333333333, 0.5716666666666667]}, "minDCF": {"0": [0.4987748299319729, 0.1287544217687082, 0.0555540816326531, 0.0142632653061219, 0.0047935374149658], "1": [0.5131710884353752, 0.1512945578231291, 0.0885680272108833, 0.0448670068027218, 0.0122928571428567], "2": [0.4247574829931981, 0.1441795918367337, 0.0586704081632652, 0.0129789115646252, 0.0051887755102039], "3": [0.4138513605442187, 0.1343938775510205, 0.0539986394557817, 0.0324030612244892, 0.0217931972789111], "4": [0.3492105442176868, 0.0650884353741496, 0.0474227891156472, 0.005992176870748, 0.0076904761904758], "5": [0.4327945578231302, 0.1465897959183683, 0.0611472789115638, 0.0187401360544212, 0.005798639455782], "6": [0.4696357142857152, 0.1179003401360545, 0.066512585034013, 0.0210833333333342, 0.0230622448979587], "7": [0.518600680272108, 0.1918911564625857, 0.0852238095238096, 0.0344894557823119, 0.0109945578231291], "8": [0.5137571428571427, 0.1322326530612236, 0.0557619047619054, 0.0357690476190486, 0.0169374149659858], "9": [0.4618027210884362, 0.1589564625850343, 0.0770867346938767, 0.0475948979591837, 0.0348717687074839]}}, "all": {"eer": {"0": [9.78, 3.240816326530616, 1.672, 0.6884353741496652, 0.352], "1": [9.592, 3.152, 1.2598639455782323, 0.8136054421768679, 0.3156462585033992], "2": [8.158666666666667, 2.299319727891158, 0.936054421768706, 0.293877551020405, 0.1106666666666666], "3": [8.427210884353741, 2.427210884353737, 0.6748299319727868, 0.4346666666666667, 0.2340136054421737], "4": [7.265306122448978, 2.033333333333333, 1.09115646258503, 0.3074829931972833, 0.3428571428571447], "5": [8.237333333333334, 2.32, 1.224, 0.4326530612244861, 0.092], "6": [6.573333333333334, 1.644, 0.549659863945573, 0.193197278911561, 0.2346666666666666], "7": [10.965986394557826, 3.831292517006801, 1.1786666666666668, 0.5413333333333333, 0.1823129251700694], "8": [8.68299319727891, 1.8557823129251692, 1.014965986394556, 0.6839999999999999, 0.3946666666666666], "9": [7.88843537414966, 2.4598639455782334, 1.1853333333333331, 0.8108843537414923, 0.58]}, "minDCF": {"0": [0.511756462585034, 0.1899466666666668, 0.0848585034013597, 0.0510253061224497, 0.0175096598639462], "1": [0.5891156462585035, 0.1867314285714281, 0.0846040816326539, 0.0447885714285706, 0.0181006802721082], "2": [0.3978854421768716, 0.1339455782312925, 0.0552457142857147, 0.0151657142857143, 0.0066506122448972], "3": [0.4106761904761903, 0.1309031292516997, 0.0476389115646264, 0.0281039455782319, 0.019082993197278], "4": [0.5063112925170073, 0.1600506122448981, 0.0755942857142864, 0.0259643537414956, 0.0317020408163271], "5": [0.4904234013605446, 0.1712149659863941, 0.0917099319727884, 0.0443793197278916, 0.0065183673469386], "6": [0.4349205442176876, 0.1011869387755107, 0.0531001360544225, 0.0169210884353731, 0.0185586394557827], "7": [0.5048574149659855, 0.1878255782312918, 0.0754244897959188, 0.0312865306122446, 0.0088772789115649], "8": [0.4953861224489787, 0.1478353741496593, 0.0562076190476199, 0.031667482993197, 0.0169053061224497], "9": [0.4906533333333338, 0.1615695238095246, 0.0722639455782314, 0.0526862585034009, 0.0323861224489786]}}}}