{"eval": {"female": {"eer": {"0": [13.173333333333334, 4.6938775510204085, 4.149659863945576, 1.4066666666666667, 0.32], "1": [12.081632653061224, 4.775510204081634, 2.046666666666667, 0.7666666666666666, 0.2993197278911563], "2": [9.526666666666667, 3.3266666666666667, 0.8200000000000001, 0.5466666666666666, 0.1088435374149709], "3": [11.066666666666666, 2.3866666666666667, 0.7666666666666666, 0.3066666666666667, 0.0666666666666666], "4": [13.1156462585034, 5.387755102040814, 1.4200000000000002, 1.2333333333333334, 1.3066666666666666], "5": [10.7, 3.074829931972789, 2.5866666666666664, 0.5333333333333333, 0.22], "6": [4.760000000000001, 0.8435374149659891, 0.2040816326530636, 0.0680272108843582, 0.0272108843537455], "7": [9.693333333333332, 1.4965986394557818, 0.66, 0.2133333333333333, 0.0272108843537455], "8": [7.32, 1.7414965986394582, 0.4, 0.2312925170067981, 0.1224489795918382], "9": [11.414965986394554, 3.5000000000000004, 1.4066666666666667, 0.5850340136054455, 0.2866666666666667]}, "minDCF": {"0": [0.6327714285714283, 0.1859047619047626, 0.2086353741496588, 0.0618857142857134, 0.0110625850340134], "1": [0.5671714285714292, 0.3179551020408168, 0.1195102040816333, 0.0486693877551024, 0.0126952380952379], "2": [0.3934789115646249, 0.1800775510204079, 0.043991836734694, 0.0360163265306126, 0.0045741496598636], "3": [0.429695238095238, 0.1314367346938781, 0.0303632653061214, 0.0091156462585034, 0.001360544217687], "4": [0.6692761904761901, 0.336318367346939, 0.1170380952380948, 0.1342136054421759, 0.0883401360544218], "5": [0.5804217687074824, 0.192674829931972, 0.1386435374149662, 0.0378462585034003, 0.0152380952380952], "6": [0.2860394557823138, 0.0554299319727896, 0.0092421768707478, 0.002899319727891, 0.0016748299319726], "7": [0.4989551020408168, 0.0968040816326522, 0.0328734693877548, 0.0116068027210882, 0.002312925170068], "8": [0.3663877551020408, 0.0968040816326522, 0.0339333333333339, 0.0136380952380946, 0.0097442176870745], "9": [0.5506476190476189, 0.212374149659864, 0.0943129251700673, 0.0265115646258495, 0.0091578231292515]}}, "male": {"eer": {"0": [7.850340136054424, 3.1258503401360493, 0.4387755102040813, 0.5633333333333334, 0.0866666666666666], "1": [9.05, 3.035, 1.4433333333333334, 0.4966666666666667, 0.4166666666666667], "2": [9.020408163265303, 1.8016666666666667, 0.6904761904761858, 0.4866666666666667, 0.22], "3": [8.472789115646261, 2.433333333333333, 1.0714285714285676, 0.387755102040821, 0.2721088435374108], "4": [7.3916666666666675, 1.3605442176870763, 0.4557823129251681, 0.2249999999999999, 0.1734693877550985], "5": [5.566666666666667, 1.710884353741493, 0.83673469387755, 0.4566666666666666, 0.2074829931972832], "6": [7.170068027210885, 2.1564625850340136, 0.7006802721088445, 0.3129251700680235, 0.255102040816324], "7": [10.693877551020403, 2.9931972789115635, 1.3583333333333332, 0.9693877551020358, 0.1326530612244858], "8": [8.013605442176875, 1.9466666666666668, 1.0000000000000009, 0.4965986394557808, 0.4033333333333333], "9": [8.643333333333333, 2.690476190476188, 1.17006802721088, 0.6166666666666667, 0.394557823129249]}, "minDCF": {"0": [0.3731612244897968, 0.1975734693877549, 0.0284561224489806, 0.0217649659863938, 0.0045401360544214], "1": [0.4915217687074833, 0.2121176870748297, 0.1257132653061222, 0.0282462585034005, 0.0278122448979582], "2": [0.5019850340136064, 0.1086360544217676, 0.0377993197278901, 0.0287095238095229, 0.0089044217687071], "3": [0.4135316326530615, 0.1406833333333327, 0.0828897959183675, 0.0312557823129261, 0.0309778911564617], "4": [0.373130952380952, 0.0727741496598634, 0.0346289115646265, 0.0127982993197273, 0.0084727891156459], "5": [0.3238030612244902, 0.1114258503401356, 0.0515887755102047, 0.0270476190476183, 0.0124863945578227], "6": [0.4398945578231282, 0.1439486394557816, 0.0691659863945582, 0.0191037414965981, 0.0253129251700673], "7": [0.483582312925169, 0.1521823129251695, 0.0833357142857151, 0.0556676870748295, 0.0068448979591835], "8": [0.4334265306122444, 0.1523071428571424, 0.0588336734693884, 0.0229894557823122, 0.0168799319727885], "9": [0.5191452380952375, 0.1953870748299314, 0.0849462585034006, 0.0418034013605448, 0.0228217687074824]}}, "all": {"eer": {"0": [8.533333333333337, 3.644, 1.292517006802718, 1.0312925170067988, 0.2911564625850293], "1": [9.252, 3.643537414965992, 1.5619047619047643, 0.656, 0.4066666666666666], "2": [9.104761904761904, 2.021768707482996, 0.7066666666666667, 0.4826666666666667, 0.1853333333333333], "3": [8.673333333333332, 2.401333333333333, 1.1210884353741513, 0.4026666666666666, 0.2448979591836764], "4": [8.261224489795914, 2.292, 0.8306666666666667, 0.596, 0.5278911564625899], "5": [6.315999999999999, 1.9863945578231343, 1.191836734693874, 0.5773333333333334, 0.239455782312925], "6": [6.532, 1.968, 0.6346666666666666, 0.2612244897959193, 0.2106666666666667], "7": [10.245333333333331, 2.688435374149656, 1.2546666666666666, 0.7986666666666666, 0.1093333333333333], "8": [8.019047619047615, 2.397333333333333, 1.104, 0.4897959183673417, 0.4519999999999999], "9": [8.971428571428575, 3.153741496598639, 1.387755102040822, 0.6122448979591799, 0.3646258503401389]}, "minDCF": {"0": [0.4604402721088436, 0.2190650340136054, 0.0936304761904758, 0.0595322448979594, 0.015963265306122], "1": [0.5576002721088424, 0.2565746938775509, 0.1241096598639447, 0.0358223129251703, 0.0254775510204073], "2": [0.473970612244897, 0.1174816326530606, 0.0383510204081642, 0.0259344217687068, 0.0078122448979589], "3": [0.4194402721088443, 0.1367687074829925, 0.075431020408164, 0.0280487074829933, 0.0255186394557825], "4": [0.4739727891156456, 0.1765706122448975, 0.0731774149659865, 0.0618854421768709, 0.0595156462585042], "5": [0.39931700680272, 0.1455907482993203, 0.0748778231292507, 0.0413338775510205, 0.0142432653061222], "6": [0.3966133333333344, 0.1285153741496596, 0.0566990476190473, 0.0156095238095233, 0.0204952380952375], "7": [0.4915885714285717, 0.1380712925170059, 0.0766378231292507, 0.046338503401361, 0.0052770068027218], "8": [0.4450987755102044, 0.1823787755102038, 0.0631172789115641, 0.0231082993197278, 0.0191844897959188], "9": [0.5569763265306132, 0.2118876190476189, 0.1012068027210874, 0.0388454421768707, 0.0205964625850343]}}}}