{"eval": {"female": {"eer": {"0": [17.061224489795922, 4.666666666666667, 2.8163265306122454, 1.7687074829931926, 0.1360544217687054], "1": [13.428571428571423, 4.046666666666667, 2.0000000000000018, 0.5733333333333334, 0.1632653061224509], "2": [7.533333333333333, 2.73469387755102, 0.8435374149659891, 0.4489795918367401, 0.3129251700680235], "3": [9.48299319727891, 1.9333333333333331, 1.0340136054421745, 0.22, 0.0680272108843582], "4": [10.979591836734691, 3.4866666666666664, 1.3733333333333333, 1.06122448979592, 0.9659863945578272], "5": [13.210884353741491, 3.7687074829931935, 1.653333333333333, 0.5714285714285672, 0.7346938775510181], "6": [6.846666666666666, 0.6394557823129254, 0.1088435374149709, 0.0466666666666666, 0.0], "7": [10.680272108843536, 3.2789115646258526, 0.5170068027210872, 0.4217687074829945, 0.1133333333333333], "8": [6.913333333333334, 1.7006802721088454, 0.5733333333333334, 0.1466666666666666, 0.0680272108843582], "9": [10.367346938775512, 2.9133333333333336, 1.1020408163265327, 0.6394557823129254, 0.1666666666666666]}, "minDCF": {"0": [0.7598693877551029, 0.228269387755103, 0.1044421768707483, 0.0603374149659873, 0.0047619047619047], "1": [0.625302040816327, 0.2030149659863937, 0.1027102040816324, 0.0575034013605442, 0.0137741496598633], "2": [0.3688448979591842, 0.1676911564625846, 0.0533278911564624, 0.0261129251700676, 0.0106965986394555], "3": [0.4021782312925177, 0.1124312925170072, 0.04660544217687, 0.0077972789115644, 0.0049401360544216], "4": [0.632782312925171, 0.2207061224489791, 0.1279741496598638, 0.0914176870748297, 0.0539238095238096], "5": [0.6641891156462579, 0.1988108843537414, 0.1008244897959189, 0.0307714285714275, 0.0457700680272114], "6": [0.3766707482993194, 0.0385496598639457, 0.0070748299319727, 0.0008163265306122, 0.0], "7": [0.4687931972789119, 0.1384503401360543, 0.0306258503401367, 0.0190285714285705, 0.0029931972789115], "8": [0.3491170068027217, 0.1017863945578241, 0.0329292517006805, 0.0199102040816328, 0.0016326530612244], "9": [0.4982476190476181, 0.1642394557823121, 0.0583061224489789, 0.0302272108843527, 0.0102367346938769]}}, "male": {"eer": {"0": [10.475, 2.045, 1.4523809523809494, 0.394557823129249, 0.0680272108843582], "1": [9.538333333333334, 1.9727891156462565, 1.4455782312925214, 0.545, 0.3605442176870754], "2": [8.97, 1.8605442176870768, 0.8741496598639431, 0.2653061224489828, 0.1716666666666666], "3": [9.296666666666669, 2.228333333333333, 0.985, 0.3911564625850294, 0.2619047619047632], "4": [7.913333333333333, 2.013605442176869, 0.8883333333333333, 0.2108843537414917, 0.0816666666666666], "5": [6.715, 1.535, 0.928571428571423, 0.245, 0.1033333333333333], "6": [7.851666666666667, 1.4931972789115622, 0.845, 0.2346938775510176, 0.1566666666666666], "7": [11.2687074829932, 3.653333333333333, 1.1904761904761862, 1.0408163265306136, 0.3], "8": [8.588435374149661, 1.734693877551019, 0.9591836734693882, 1.0748299319727872, 0.4081632653061273], "9": [8.105442176870747, 2.459183673469389, 0.8250000000000001, 0.4783333333333333, 0.6802721088435382]}, "minDCF": {"0": [0.5173044217687067, 0.1267295918367341, 0.1041312925170066, 0.0242221088435366, 0.0030693877551019], "1": [0.5132146258503402, 0.1399931972789116, 0.116872789115646, 0.037407482993198, 0.0247394557823124], "2": [0.4611697278911555, 0.1198377551020404, 0.054744897959184, 0.0163697278911558, 0.0066149659863942], "3": [0.436304421768708, 0.1347656462585034, 0.0646013605442167, 0.0447170068027201, 0.0207445578231285], "4": [0.4420476190476192, 0.0904976190476186, 0.0491221088435378, 0.0102989795918364, 0.0041003401360542], "5": [0.3623302721088429, 0.1098931972789121, 0.0514292517006809, 0.0128840136054418, 0.0066044217687072], "6": [0.5181119047619049, 0.1113673469387755, 0.0814057823129244, 0.0306901360544218, 0.0139806122448975], "7": [0.5021894557823134, 0.1759418367346946, 0.0703404761904758, 0.0506785714285719, 0.0141214285714283], "8": [0.4832642857142849, 0.1292312925170061, 0.0734904761904768, 0.052614965986395, 0.0251744897959175], "9": [0.4834136054421778, 0.168043537414965, 0.0593469387755095, 0.0254465986394549, 0.0376972789115635]}}, "all": {"eer": {"0": [11.268027210884355, 2.595918367346939, 1.8266666666666669, 0.7129251700680239, 0.1253333333333333], "1": [9.825850340136055, 2.512, 1.610884353741493, 0.5973333333333333, 0.3292517006802775], "2": [8.506122448979593, 2.057333333333333, 0.8299319727891108, 0.2911564625850293, 0.2053333333333333], "3": [8.976870748299316, 2.474666666666667, 0.9578231292517004, 0.3863945578231331, 0.2266666666666666], "4": [8.097959183673463, 2.416326530612245, 1.064, 0.3809523809523818, 0.4346666666666667], "5": [7.806802721088434, 1.9253333333333331, 1.161904761904764, 0.3266666666666666, 0.2721088435374108], "6": [7.73061224489796, 1.3, 0.6802721088435382, 0.2231292517006822, 0.128], "7": [11.025850340136056, 3.5333333333333337, 1.0506666666666666, 1.0394557823129258, 0.2993197278911563], "8": [8.965986394557824, 1.9918367346938748, 1.1265306122449026, 1.016, 0.3863945578231331], "9": [8.417333333333334, 2.692, 0.872, 0.5333333333333301, 0.58]}, "minDCF": {"0": [0.5898530612244903, 0.1611578231292523, 0.1085825850340143, 0.034639183673469, 0.0057020408163263], "1": [0.5625586394557822, 0.1819477551020397, 0.1145771428571427, 0.046520544217688, 0.0229281632653069], "2": [0.43849387755102, 0.1239583673469383, 0.0492174149659874, 0.014642176870748, 0.0071695238095244], "3": [0.4270536054421764, 0.1475779591836731, 0.0584152380952371, 0.0385847619047615, 0.0173472108843527], "4": [0.4698761904761907, 0.1427376870748301, 0.0849273469387758, 0.0375708843537421, 0.0420364625850347], "5": [0.5421409523809525, 0.1333711564625849, 0.0821034013605448, 0.0209053061224497, 0.0235034013605435], "6": [0.4831148299319738, 0.0944310204081626, 0.0646658503401356, 0.0249349659863946, 0.0115738775510204], "7": [0.4907831292517012, 0.1689227210884346, 0.0611956462585038, 0.046673741496599, 0.0119417687074824], "8": [0.4934367346938768, 0.1564606802721082, 0.0728209523809527, 0.0467703401360546, 0.0224789115646255], "9": [0.5108740136054427, 0.1746214965986402, 0.0593069387755092, 0.0282511564625849, 0.0329042176870747]}}}}