{"eval": {"female": {"eer": {"0": [13.553333333333336, 6.544217687074827, 4.52, 3.1156462585034017, 1.0133333333333332], "1": [15.54, 9.70068027210884, 7.904761904761903, 4.16, 4.163265306122455], "2": [10.106666666666667, 4.312925170068027, 3.8933333333333335, 2.0733333333333333, 2.204081632653065], "3": [12.843537414965988, 4.859999999999999, 3.251700680272107, 0.6133333333333334, 0.5442176870748328], "4": [17.605442176870746, 13.850340136054417, 10.3265306122449, 9.578231292517003, 6.952380952380954], "5": [10.312925170068032, 6.006666666666667, 5.442176870748295, 2.3265306122448925, 2.8163265306122454], "6": [7.14285714285714, 4.113333333333333, 1.2, 2.4353741496598635, 0.2933333333333333], "7": [8.113333333333333, 8.133333333333333, 3.2333333333333334, 2.7210884353741527, 0.3537414965986363], "8": [9.813333333333334, 5.727891156462583, 3.34, 0.5986394557823127, 0.72], "9": [9.6, 7.183673469387752, 5.373333333333333, 2.7533333333333334, 2.5850340136054477]}, "minDCF": {"0": [0.6069455782312932, 0.2872693877551031, 0.230868027210884, 0.1846476190476182, 0.0546979591836737], "1": [0.7432843537414963, 0.4731183673469379, 0.413972789115647, 0.2714680272108845, 0.2279782312925172], "2": [0.4702244897959177, 0.2839047619047627, 0.1883768707482991, 0.0979251700680279, 0.0963306122448982], "3": [0.5606680272108843, 0.2042489795918363, 0.1516571428571431, 0.0449959183673473, 0.0234244897959173], "4": [0.8697918367346944, 0.6913265306122451, 0.6918231292517015, 0.4777809523809533, 0.4608530612244903], "5": [0.5983918367346935, 0.3542625850340132, 0.3298721088435373, 0.1664108843537405, 0.2412544217687072], "6": [0.4601306122448986, 0.2300190476190478, 0.0584462585034009, 0.1209510204081634, 0.0141918367346937], "7": [0.4175959183673473, 0.3942544217687065, 0.1783142857142856, 0.1267591836734697, 0.0217401360544226], "8": [0.492401360544217, 0.3404476190476193, 0.1981537414965996, 0.042598639455783, 0.0581034013605448], "9": [0.5170503401360549, 0.4518979591836728, 0.3166897959183677, 0.1774040816326528, 0.1278897959183675]}}, "male": {"eer": {"0": [10.966666666666669, 4.506802721088432, 3.62585034013605, 3.4965986394557835, 1.965], "1": [10.673333333333334, 5.9795918367346985, 3.887755102040813, 2.361666666666667, 2.023333333333333], "2": [9.14965986394558, 5.411666666666667, 4.761904761904767, 2.4883333333333333, 1.3843537414966025], "3": [10.675, 4.068027210884351, 2.98, 2.123333333333333, 1.7619047619047643], "4": [7.963333333333333, 3.395, 2.068027210884349, 1.1466666666666667, 0.8683333333333333], "5": [6.984999999999999, 3.823129251700685, 2.2983333333333333, 1.3083333333333331, 1.32], "6": [8.768707482993198, 3.3503401360544194, 2.6666666666666616, 1.395, 0.8099999999999999], "7": [10.728333333333332, 5.835, 4.90816326530612, 2.9217687074829968, 1.1870748299319778], "8": [10.353741496598634, 3.843537414965992, 3.9149659863945594, 1.4829931972789143, 2.020408163265308], "9": [8.708333333333334, 5.428571428571427, 3.717687074829934, 1.9183673469387763, 1.6734693877551]}, "minDCF": {"0": [0.5398323129251702, 0.252026870748299, 0.2646159863945578, 0.2283493197278913, 0.1109568027210883], "1": [0.5973843537414963, 0.3795394557823121, 0.2576829931972786, 0.1616217687074835, 0.1554551020408157], "2": [0.4920166666666668, 0.3244387755102038, 0.2344183673469384, 0.1432836734693872, 0.0754496598639455], "3": [0.5034860544217682, 0.1634561224489792, 0.1484418367346929, 0.0799911564625852, 0.0744153061224493], "4": [0.3988346938775506, 0.2024462585034016, 0.1148006802721098, 0.0830401360544225, 0.0602431972789114], "5": [0.4335853741496602, 0.2570095238095228, 0.1692340136054412, 0.0789003401360545, 0.072598639455783], "6": [0.5524343537414964, 0.21401224489796, 0.1582965986394554, 0.0973452380952372, 0.0618448979591842], "7": [0.4863581632653053, 0.2786282312925178, 0.2093064625850337, 0.1282982993197269, 0.0562159863945569], "8": [0.5526078231292519, 0.2808445578231295, 0.2368595238095232, 0.0965353741496608, 0.0983687074829923], "9": [0.528032993197278, 0.3503054421768709, 0.2731799319727899, 0.1377462585034023, 0.1199959183673459]}}, "all": {"eer": {"0": [11.54, 5.194557823129253, 4.6, 3.986394557823125, 2.0933333333333337], "1": [11.567346938775511, 7.341496598639452, 5.496598639455785, 3.259863945578234, 3.78], "2": [9.262585034013604, 5.26, 4.552380952380952, 2.353741496598638, 1.7224489795918396], "3": [10.794557823129248, 4.3213333333333335, 3.4866666666666664, 1.921088435374152, 1.9020408163265332], "4": [9.274666666666668, 5.551020408163265, 3.8506666666666662, 3.152, 2.424489795918372], "5": [7.665306122448978, 4.247999999999999, 3.062666666666667, 1.7687074829931926, 1.854666666666667], "6": [8.258503401360539, 3.640816326530616, 2.457333333333333, 1.7373333333333334, 0.7319727891156425], "7": [10.100680272108844, 6.734693877551024, 5.1074829931972765, 3.499319727891159, 1.695238095238094], "8": [10.386666666666668, 4.857142857142859, 5.319999999999999, 1.9428571428571464, 1.9319727891156435], "9": [9.044, 6.0, 4.350666666666666, 2.764625850340141, 1.976]}, "minDCF": {"0": [0.6217741496598634, 0.2955240816326521, 0.2740791836734687, 0.2393278911564624, 0.1171975510204078], "1": [0.6974819047619047, 0.5067148299319723, 0.3514125170068034, 0.2461741496598636, 0.3050111564625851], "2": [0.4893401360544211, 0.3193605442176879, 0.2214587755102035, 0.1286911564625853, 0.0875325170068026], "3": [0.5335374149659864, 0.1931725170068027, 0.1595719727891157, 0.0737877551020409, 0.0714946938775503], "4": [0.6163406802721083, 0.4237570068027204, 0.3586666666666667, 0.2675374149659857, 0.2224609523809515], "5": [0.5363482993197286, 0.3071368707482998, 0.23827238095238, 0.1352737414965989, 0.1591292517006803], "6": [0.5234715646258509, 0.2240280272108834, 0.1367708843537404, 0.1098133333333339, 0.053121088435375], "7": [0.471300952380952, 0.399473741496598, 0.2138165986394562, 0.187276462585034, 0.0799668027210882], "8": [0.5393499319727886, 0.3545902040816331, 0.3282669387755105, 0.1155382312925168, 0.1028296598639466], "9": [0.596226938775511, 0.4216190476190477, 0.3245031292517004, 0.1974859863945573, 0.1204922448979599]}}}}