{"eval": {"female": {"eer": {"0": [16.439999999999998, 9.84, 6.448979591836734, 4.1000000000000005, 2.3266666666666667], "1": [18.446666666666665, 12.17687074829932, 6.435374149659867, 4.775510204081634, 2.44], "2": [8.625850340136054, 5.56, 2.911564625850338, 1.0266666666666666, 1.0476190476190528], "3": [10.606666666666667, 7.156462585034018, 3.293333333333333, 1.153333333333333, 0.8163265306122436], "4": [18.28, 15.633333333333333, 8.04, 7.59183673469388, 4.14], "5": [14.9, 8.190476190476193, 3.8733333333333335, 1.9727891156462565, 1.6870748299319782], "6": [5.54, 3.3877551020408125, 1.3066666666666666, 1.3469387755102091, 0.1496598639455837], "7": [8.639455782312922, 6.666666666666665, 3.1156462585034017, 1.0476190476190528, 0.6802721088435382], "8": [8.533333333333333, 3.5646258503401307, 1.1156462585034, 1.823129251700684, 0.5], "9": [12.453333333333331, 7.033333333333333, 4.24, 2.7755102040816326, 1.455782312925169]}, "minDCF": {"0": [0.62953469387755, 0.4032761904761894, 0.2500190476190478, 0.1597877551020416, 0.1110612244897959], "1": [0.7240272108843538, 0.5731047619047624, 0.3067346938775503, 0.3576394557823137, 0.1250517006802731], "2": [0.4481074829931975, 0.3014789115646256, 0.1391537414965996, 0.0637619047619047, 0.0609564625850343], "3": [0.5105292517006812, 0.3131523809523814, 0.174907482993197, 0.0567197278911559, 0.0425891156462588], "4": [0.8486979591836739, 0.7414816326530616, 0.4899823129251692, 0.5562544217687073, 0.2894312925170073], "5": [0.7119401360544211, 0.3731387755102038, 0.241706122448979, 0.13806530612245, 0.1382340136054426], "6": [0.335253061224489, 0.2200068027210892, 0.092689795918367, 0.0888054421768711, 0.0133142857142848], "7": [0.4507115646258492, 0.3220748299319728, 0.1767700680272108, 0.0448176870748305, 0.0357959183673476], "8": [0.4745727891156454, 0.2142557823129262, 0.0758517006802712, 0.1142000000000004, 0.0364761904761911], "9": [0.6076857142857137, 0.42467074829932, 0.2239006802721093, 0.2103428571428576, 0.1285088435374144]}}, "male": {"eer": {"0": [7.802721088435371, 4.891156462585034, 3.3741496598639453, 1.6870748299319782, 1.418367346938776], "1": [8.846938775510205, 5.438775510204086, 3.1190476190476213, 2.2585034013605454, 1.8333333333333317], "2": [9.785, 5.9, 4.755102040816328, 1.7721088435374122, 1.7925170068027183], "3": [9.808333333333334, 5.46, 2.5204081632653086, 1.9283333333333328, 1.195], "4": [7.962585034013603, 4.641666666666667, 2.505, 0.8916666666666666, 0.5700000000000001], "5": [6.97, 3.3883333333333336, 2.8537414965986385, 1.38, 1.3129251700680244], "6": [7.061224489795914, 3.173469387755101, 1.5136054421768683, 1.7755102040816315, 0.6383333333333334], "7": [10.564625850340136, 6.81, 4.523809523809518, 2.388333333333333, 1.6122448979591808], "8": [12.357142857142856, 4.166666666666663, 2.6366666666666667, 2.363945578231297, 1.704081632653065], "9": [11.033333333333331, 6.528333333333333, 5.098639455782317, 2.1564625850340136, 2.9883333333333333]}, "minDCF": {"0": [0.387843197278912, 0.3021884353741492, 0.1847272108843545, 0.0812683673469388, 0.0838568027210881], "1": [0.5556874149659868, 0.3637751700680262, 0.2680853741496606, 0.1720768707482999, 0.1507064625850345], "2": [0.5098867346938777, 0.3818465986394559, 0.2618081632653063, 0.1125295918367344, 0.126827210884354], "3": [0.4597006802721082, 0.2819554421768708, 0.1298765306122447, 0.1302632653061234, 0.0793166666666666], "4": [0.3795534013605451, 0.274771088435375, 0.1446619047619045, 0.0750775510204072, 0.0361595238095245], "5": [0.4045047619047611, 0.2034452380952388, 0.2157428571428563, 0.0815965986394553, 0.1108792517006797], "6": [0.4537656462585027, 0.2332360544217689, 0.0846455782312926, 0.1440564625850331, 0.0560241496598632], "7": [0.4819380952380946, 0.2952639455782308, 0.2475010204081639, 0.1002091836734692, 0.1136380952380954], "8": [0.6566207482993193, 0.2781163265306122, 0.1436707482993193, 0.1978180272108846, 0.1336231292517003], "9": [0.5815557823129255, 0.4184323129251694, 0.3454414965986396, 0.1944479591836725, 0.161240816326531]}}, "all": {"eer": {"0": [9.779591836734692, 5.96, 4.253061224489796, 2.4706666666666663, 1.912925170068025], "1": [10.857142857142854, 6.848, 4.9013333333333335, 2.8826666666666667, 2.072], "2": [9.612, 5.873333333333333, 4.414666666666667, 1.61904761904762, 1.665306122448984], "3": [9.698666666666666, 6.370666666666666, 2.6133333333333333, 1.8186666666666669, 1.236], "4": [9.48843537414966, 7.055782312925174, 4.242176870748304, 2.402721088435378, 1.8653333333333333], "5": [8.049333333333333, 4.3047619047619, 3.108, 1.78, 1.4231292517006833], "6": [6.50612244897959, 3.313333333333333, 1.432, 2.0106666666666664, 0.584], "7": [10.468027210884356, 7.25170068027211, 4.525170068027206, 2.4146666666666667, 1.7653333333333334], "8": [12.062585034013606, 5.094666666666667, 2.909333333333333, 2.4866666666666664, 1.809523809523805], "9": [11.12108843537415, 6.898666666666667, 5.301333333333334, 3.1074829931972747, 2.974149659863945]}, "minDCF": {"0": [0.620291972789115, 0.3525986394557824, 0.253287619047619, 0.1320946938775509, 0.1002089795918361], "1": [0.7762859863945576, 0.4320046258503405, 0.3901586394557813, 0.2487259863945572, 0.1444946938775511], "2": [0.512163537414965, 0.3698359183673466, 0.2342223129251704, 0.1032008163265315, 0.113414693877552], "3": [0.4800604081632663, 0.3182231292517016, 0.1430351020408172, 0.1157115646258506, 0.0719439455782317], "4": [0.6461123809523813, 0.5415276190476198, 0.3340081632653053, 0.2351110204081623, 0.1599842176870745], "5": [0.5887409523809517, 0.2833327891156469, 0.248684081632653, 0.1285931972789107, 0.1215504761904768], "6": [0.4195967346938776, 0.2376465306122439, 0.0984051700680271, 0.1532302040816332, 0.0466217687074827], "7": [0.4933725170068018, 0.3171311564625857, 0.2327523809523813, 0.0971861224489796, 0.1010198639455781], "8": [0.6405885714285723, 0.295637278911565, 0.1540993197278908, 0.1885863945578237, 0.1198933333333337], "9": [0.6428813605442185, 0.4595831292517001, 0.339478095238096, 0.2729763265306132, 0.1603556462585033]}}}}