{"eval": {"female": {"eer": {"0": [14.05442176870748, 7.84, 6.206666666666667, 3.453333333333333, 2.6933333333333334], "1": [14.193333333333332, 10.966666666666669, 8.546666666666667, 5.414965986394559, 3.5933333333333333], "2": [10.26, 5.714285714285716, 4.14, 2.2312925170068, 1.4866666666666668], "3": [8.748299319727892, 3.755102040816327, 2.52, 1.224489795918371, 0.9115646258503364], "4": [20.94, 10.625850340136056, 8.173333333333334, 7.333333333333336, 5.213333333333333], "5": [9.82, 8.843537414965985, 4.925170068027207, 1.2933333333333332, 0.9133333333333332], "6": [6.453333333333333, 2.666666666666667, 1.1933333333333334, 1.3605442176870763, 0.4133333333333333], "7": [7.782312925170065, 6.965986394557822, 2.9533333333333336, 1.7414965986394582, 2.1088435374149617], "8": [9.093333333333334, 3.473333333333333, 1.7000000000000002, 1.866666666666667, 1.346666666666667], "9": [9.693333333333332, 8.033333333333333, 5.401360544217681, 2.74, 2.2176870748299327]}, "minDCF": {"0": [0.5754421768707476, 0.3717115646258493, 0.2889632653061221, 0.1552884353741501, 0.1490394557823138], "1": [0.6672680272108834, 0.5557646258503399, 0.4428217687074838, 0.4157823129251708, 0.2182802721088441], "2": [0.4638761904761899, 0.3378666666666672, 0.207457142857142, 0.1475891156462595, 0.0719578231292511], "3": [0.3978625850340138, 0.1591591836734684, 0.1117795918367342, 0.0804353741496591, 0.0537034013605446], "4": [0.8715387755102034, 0.655408163265306, 0.6087496598639462, 0.4842598639455789, 0.3941836734693877], "5": [0.6013931972789118, 0.4182231292517009, 0.3126013605442182, 0.1215741496598637, 0.0496639455782315], "6": [0.3923020408163256, 0.145450340136055, 0.0954952380952375, 0.0875809523809528, 0.0174897959183666], "7": [0.3719551020408161, 0.2984312925170058, 0.1401578231292508, 0.1206938775510211, 0.0963768707482997], "8": [0.4942489795918357, 0.2002598639455781, 0.1306952380952379, 0.0891197278911567, 0.0709442176870756], "9": [0.5357551020408158, 0.395972789115647, 0.2884897959183681, 0.1539142857142854, 0.147790476190476]}}, "male": {"eer": {"0": [7.283333333333333, 4.517006802721091, 2.7210884353741527, 2.6292517006802685, 1.3265306122449028], "1": [10.806122448979592, 8.068333333333333, 2.7766666666666664, 2.875, 2.2176870748299327], "2": [11.955782312925168, 6.408163265306122, 2.948979591836731, 2.285, 1.0933333333333333], "3": [10.2687074829932, 4.066666666666666, 2.6133333333333333, 2.207482993197274, 1.7416666666666667], "4": [8.755102040816332, 2.8673469387755057, 2.4166666666666665, 1.045, 1.0408163265306136], "5": [6.75170068027211, 4.4421768707483045, 2.1394557823129268, 1.517006802721088, 1.2755102040816313], "6": [7.380000000000001, 3.581666666666666, 2.275510204081632, 1.5850340136054464, 1.0034013605442205], "7": [7.983333333333334, 5.888333333333334, 4.443333333333333, 2.0102040816326494, 2.5216666666666665], "8": [10.3, 5.612244897959185, 4.096666666666667, 1.8816666666666664, 1.2993197278911572], "9": [8.933333333333334, 5.2040816326530575, 3.168333333333333, 2.673469387755101, 1.5466666666666666]}, "minDCF": {"0": [0.4253476190476191, 0.3422064625850335, 0.1490826530612247, 0.1662163265306117, 0.0862904761904757], "1": [0.646132653061225, 0.4910115646258514, 0.1640748299319728, 0.1789493197278911, 0.1665768707483002], "2": [0.5746785714285721, 0.3330486394557833, 0.1724986394557828, 0.1318897959183668, 0.0596040816326532], "3": [0.484349319727892, 0.211860544217686, 0.1673993197278907, 0.1285833333333325, 0.1114336734693883], "4": [0.438361904761904, 0.1607414965986395, 0.1146564625850329, 0.0688122448979589, 0.0576642857142863], "5": [0.4025299319727899, 0.2863853741496605, 0.1311238095238087, 0.1029125850340131, 0.0799265306122447], "6": [0.4796166666666659, 0.2133275510204077, 0.1649129251700686, 0.1169074829931977, 0.0728428571428572], "7": [0.4024884353741498, 0.3009551020408154, 0.2041904761904762, 0.0973646258503411, 0.113026530612245], "8": [0.5569527210884351, 0.2906156462585024, 0.2337367346938767, 0.1271343537414964, 0.1096350340136055], "9": [0.5129234693877557, 0.3526792517006801, 0.2275653061224496, 0.1844034013605447, 0.1248421768707491]}}, "all": {"eer": {"0": [9.227210884353742, 5.970666666666666, 3.9266666666666654, 3.610666666666667, 2.2133333333333334], "1": [11.266666666666666, 8.979591836734691, 4.642666666666666, 3.5727891156462577, 2.996], "2": [11.782666666666666, 6.440816326530607, 3.284353741496604, 2.4843537414966037, 1.1210884353741513], "3": [9.668027210884356, 4.088, 2.7146666666666666, 2.3186666666666667, 1.564], "4": [10.454421768707478, 4.391836734693877, 3.648979591836732, 2.6226666666666665, 2.4897959183673435], "5": [7.077333333333333, 5.648979591836733, 2.634013605442176, 1.528, 1.559183673469389], "6": [7.109333333333333, 3.3578231292517025, 2.027210884353736, 1.628, 1.0258503401360586], "7": [8.033333333333333, 6.500680272108839, 5.1546666666666665, 2.214965986394557, 3.0133333333333336], "8": [10.836, 5.953741496598641, 4.421768707482999, 2.895238095238095, 1.602721088435377], "9": [9.16190476190476, 6.276, 3.7226666666666666, 3.540136054421772, 2.136054421768707]}, "minDCF": {"0": [0.6365390476190466, 0.4146299319727881, 0.2684949659863936, 0.2091412244897957, 0.1269102040816328], "1": [0.7087714285714292, 0.5878865306122446, 0.3854506122448983, 0.2710473469387745, 0.2215657142857144], "2": [0.5587289795918378, 0.3477561904761906, 0.2004552380952373, 0.1459142857142847, 0.0651159183673466], "3": [0.4585058503401354, 0.2071453061224497, 0.1588745578231298, 0.1230685714285708, 0.0999148299319733], "4": [0.6311025850340132, 0.3624704761904765, 0.311623401360545, 0.2301205442176872, 0.2258650340136063], "5": [0.4868933333333338, 0.4018655782312914, 0.1800508843537413, 0.1091885714285708, 0.0870410884353731], "6": [0.4550525170068029, 0.195757006802721, 0.1461681632653069, 0.1298944217687073, 0.06311156462585], "7": [0.4023311564625847, 0.3242854421768696, 0.2416176870748307, 0.1236653061224484, 0.1249711564625848], "8": [0.5837311564625842, 0.3087161904761905, 0.2574253061224499, 0.1772000000000004, 0.1126497959183682], "9": [0.541224761904761, 0.4282800000000003, 0.2578285714285709, 0.2583918367346942, 0.1535648979591834]}}}}