{"eval": {"female": {"eer": {"0": [14.204081632653065, 6.713333333333334, 7.183673469387752, 3.626666666666667, 3.0133333333333336], "1": [16.993333333333332, 10.52, 9.353333333333332, 7.306666666666667, 3.38], "2": [9.706666666666669, 6.380952380952376, 3.026666666666667, 1.6866666666666663, 0.6394557823129254], "3": [8.911564625850342, 5.013333333333334, 2.1496598639455744, 1.4829931972789143, 1.1020408163265327], "4": [16.367346938775505, 12.857142857142856, 7.918367346938771, 6.566666666666666, 7.605442176870747], "5": [10.462585034013603, 7.42, 5.863945578231289, 2.666666666666667, 2.1133333333333333], "6": [6.653061224489798, 4.546666666666667, 2.2666666666666666, 0.6866666666666666, 0.4666666666666667], "7": [7.553333333333333, 5.2517006802721085, 4.789115646258502, 1.2133333333333334, 2.3266666666666667], "8": [6.08163265306122, 2.8000000000000003, 3.78, 1.0466666666666669, 0.5599999999999999], "9": [10.93877551020408, 7.0204081632653015, 4.026666666666666, 2.829931972789113, 2.5850340136054477]}, "minDCF": {"0": [0.5952585034013599, 0.3140013605442177, 0.343843537414966, 0.1869891156462589, 0.1807020408163257], "1": [0.6660721088435378, 0.4720163265306127, 0.4153619047619046, 0.327016326530612, 0.2210911564625855], "2": [0.4385700680272104, 0.3639659863945572, 0.1470217687074829, 0.1030530612244906, 0.031442176870749], "3": [0.4396312925170069, 0.2577931972789126, 0.1049156462585044, 0.11183537414966, 0.0534081632653054], "4": [0.8612312925170063, 0.6390435374149667, 0.5218653061224483, 0.5236462585034015, 0.3569714285714294], "5": [0.5783523809523813, 0.4173034013605438, 0.330201360544218, 0.163325170068028, 0.1362544217687065], "6": [0.3829564625850329, 0.2637782312925161, 0.1415850340136054, 0.0322680272108833, 0.0249727891156455], "7": [0.3844340136054425, 0.2244734693877547, 0.2517115646258492, 0.0711510204081631, 0.1416312925170069], "8": [0.37293469387755, 0.1789238095238104, 0.2556952380952387, 0.0514748299319729, 0.0303210884353733], "9": [0.6162925170068021, 0.4514571428571429, 0.2550299319727881, 0.1947292517006801, 0.1960054421768709]}}, "male": {"eer": {"0": [7.836734693877556, 6.615646258503405, 3.105442176870743, 1.921768707482996, 1.8877551020408112], "1": [12.06122448979592, 5.370748299319727, 3.875, 2.2133333333333334, 1.3166666666666669], "2": [12.141666666666667, 6.183333333333333, 3.816666666666667, 2.808333333333333, 2.04], "3": [8.26190476190476, 5.371666666666667, 3.122448979591841, 2.7551020408163263, 1.3979591836734695], "4": [9.142857142857142, 2.8401360544217717, 2.956666666666667, 1.4, 1.6598639455782327], "5": [6.855, 4.238333333333333, 2.136054421768707, 1.5083333333333333, 1.035], "6": [7.131666666666667, 3.878333333333334, 2.3233333333333337, 1.16, 1.3503401360544176], "7": [9.256666666666668, 5.338333333333333, 3.153061224489795, 3.1632653061224536, 2.187074829931968], "8": [10.2108843537415, 6.296666666666667, 3.6033333333333335, 2.595238095238095, 2.3367346938775517], "9": [10.47, 4.766666666666667, 2.564625850340141, 1.8883333333333328, 2.2517006802721062]}, "minDCF": {"0": [0.4153527210884345, 0.3949268707483003, 0.1834000000000009, 0.1016459183673466, 0.116386394557824], "1": [0.6431380952380944, 0.3335704081632658, 0.2616819727891158, 0.1556034013605451, 0.1018472789115653], "2": [0.6118819727891164, 0.353485714285714, 0.2126289115646266, 0.1740986394557813, 0.1070948979591826], "3": [0.4175289115646264, 0.278509863945578, 0.1671670068027203, 0.1585751700680272, 0.0832421768707478], "4": [0.4310670068027202, 0.163954761904762, 0.1514435374149658, 0.0811496598639449, 0.0900329931972779], "5": [0.4050431972789111, 0.2682020408163261, 0.1619238095238097, 0.0913323129251705, 0.0579999999999993], "6": [0.4358700680272104, 0.2497159863945574, 0.1284540816326536, 0.0897506802721096, 0.0656642857142856], "7": [0.4045850340136054, 0.2648227891156466, 0.1815853741496594, 0.1435663265306131, 0.1174428571428571], "8": [0.5112680272108849, 0.361022448979591, 0.2154806122448986, 0.1389571428571431, 0.1216877551020414], "9": [0.5553880952380956, 0.3190778911564619, 0.1844391156462592, 0.1435755102040826, 0.1585530612244903]}}, "all": {"eer": {"0": [8.872, 7.526530612244898, 4.693333333333333, 2.8517006802721068, 3.306666666666666], "1": [13.16, 7.03401360544218, 5.378666666666667, 3.600000000000003, 2.128], "2": [11.2843537414966, 6.18, 3.798666666666666, 2.6533333333333333, 1.828], "3": [8.245333333333333, 5.387755102040814, 3.2066666666666666, 2.538775510204083, 1.5782312925170072], "4": [9.866666666666667, 5.080272108843542, 4.085333333333333, 2.965333333333333, 3.717333333333333], "5": [7.281333333333331, 4.8373333333333335, 3.1213333333333333, 1.8367346938775508, 1.7346666666666666], "6": [6.969333333333333, 4.092, 2.512, 1.3773333333333333, 1.2213333333333334], "7": [9.10748299319728, 6.029931972789115, 4.097333333333333, 3.0312925170068006, 2.8000000000000025], "8": [9.730612244897962, 6.6306666666666665, 3.9733333333333336, 2.688435374149656, 2.0816326530612272], "9": [10.088, 5.238666666666666, 3.2734693877551013, 2.2748299319727883, 2.534666666666667]}, "minDCF": {"0": [0.4857869387755092, 0.3981401360544215, 0.2788500680272099, 0.1918614965986401, 0.2074310204081633], "1": [0.7574391836734701, 0.4787442176870753, 0.366818231292517, 0.2728078911564631, 0.1866348299319717], "2": [0.5753387755102036, 0.3608838095238102, 0.200164353741496, 0.1519646258503396, 0.0897199999999991], "3": [0.4346168707482998, 0.27486612244898, 0.1613523809523804, 0.1515961904761898, 0.088757006802721], "4": [0.5769542857142865, 0.4020122448979601, 0.3084734693877548, 0.2781540136054415, 0.2598691156462576], "5": [0.4499706122448977, 0.3368435374149668, 0.27210993197279, 0.1157219047619038, 0.1578329251700689], "6": [0.4230141496598648, 0.2495825850340143, 0.1453061224489803, 0.1000021768707486, 0.0569526530612242], "7": [0.4117039455782312, 0.2870794557823126, 0.233333333333334, 0.1353591836734688, 0.177509387755103], "8": [0.4852157823129253, 0.3586285714285718, 0.2489442176870757, 0.1327096598639459, 0.1038234013605446], "9": [0.5584688435374155, 0.399061224489796, 0.2392625850340139, 0.169445986394557, 0.2041877551020411]}}}}