{"eval": {"female": {"eer": {"0": [14.136054421768709, 9.58, 7.129251700680273, 2.4217687074829963, 1.3066666666666666], "1": [20.08, 11.863945578231297, 7.564625850340134, 5.074829931972791, 2.033333333333333], "2": [10.911564625850346, 6.557823129251705, 2.17687074829932, 1.8266666666666669, 1.7551020408163254], "3": [9.292517006802726, 4.816326530612248, 3.0068027210884307, 2.2176870748299327, 0.7000000000000001], "4": [14.707482993197274, 14.027210884353746, 10.489795918367353, 6.506666666666666, 6.413333333333333], "5": [9.106666666666667, 6.673333333333334, 4.626666666666666, 3.12, 2.08], "6": [5.673469387755104, 4.557823129251704, 1.0933333333333333, 1.3666666666666667, 1.0340136054421745], "7": [9.98639455782313, 7.979999999999999, 4.653061224489797, 2.1133333333333333, 2.56], "8": [6.054421768707485, 3.733333333333334, 3.026666666666667, 1.04, 1.92], "9": [11.687074829931976, 4.802721088435369, 4.272108843537414, 3.5733333333333333, 1.96]}, "minDCF": {"0": [0.5687238095238086, 0.4038353741496593, 0.2966721088435369, 0.1256802721088442, 0.065718367346939], "1": [0.7296285714285705, 0.5614312925170066, 0.3762571428571424, 0.2874952380952389, 0.154386394557824], "2": [0.4908095238095231, 0.3258176870748292, 0.126144217687074, 0.0970993197278914, 0.0787374149659868], "3": [0.4331183673469378, 0.2418598639455787, 0.1325959183673465, 0.1124503401360535, 0.0425891156462588], "4": [0.7342394557823135, 0.6916299319727888, 0.5611782312925176, 0.4155401360544215, 0.4382857142857136], "5": [0.49871156462585, 0.3313414965986401, 0.2823156462585038, 0.1571414965986396, 0.144751020408163], "6": [0.3610231292517005, 0.2305306122448987, 0.0616884353741502, 0.081533333333333, 0.0360544217687074], "7": [0.4468748299319725, 0.2917265306122444, 0.2318068027210894, 0.1123183673469382, 0.1201074829931981], "8": [0.3766176870748294, 0.22021768707483, 0.1595387755102039, 0.0456857142857151, 0.1158326530612249], "9": [0.6877442176870754, 0.3000857142857147, 0.2558353741496608, 0.2033292517006793, 0.1291700680272116]}}, "male": {"eer": {"0": [8.488333333333333, 4.256666666666667, 3.655, 2.353333333333333, 1.6583333333333332], "1": [11.66, 6.224489795918364, 4.4421768707483045, 2.9523809523809508, 2.1496598639455744], "2": [11.251700680272114, 7.323129251700678, 5.141666666666667, 1.7278911564625798, 1.4783333333333335], "3": [9.958333333333332, 4.590000000000001, 3.8666666666666663, 2.0616666666666665, 1.1734693877550997], "4": [8.738333333333333, 5.171666666666667, 2.8016666666666667, 1.2993197278911572, 1.5816666666666666], "5": [7.501666666666666, 3.881666666666667, 3.0714285714285694, 2.058333333333333, 0.7176870748299313], "6": [7.503401360544215, 3.527210884353737, 1.64, 1.959183673469389, 0.6802721088435382], "7": [8.775510204081638, 5.02040816326531, 3.86, 2.51020408163265, 2.348333333333333], "8": [11.04, 5.159863945578236, 2.856666666666667, 2.7833333333333337, 1.7633333333333334], "9": [7.986666666666667, 5.329931972789115, 3.581632653061229, 2.9166666666666665, 1.8483333333333332]}, "minDCF": {"0": [0.4798401360544216, 0.3191343537414965, 0.1967006802721081, 0.1212125850340138, 0.0910452380952373], "1": [0.6313210884353748, 0.4057853741496593, 0.2598717687074833, 0.2391391156462586, 0.1652928571428568], "2": [0.562314285714285, 0.3925170068027204, 0.2781394557823133, 0.1134809523809526, 0.0888506802721098], "3": [0.4637693877551013, 0.2170976190476199, 0.2039217687074833, 0.1433955782312921, 0.0775159863945569], "4": [0.4074880952380943, 0.2824068027210878, 0.1338003401360536, 0.0812999999999999, 0.0801047619047616], "5": [0.4317914965986397, 0.2231598639455779, 0.2382142857142854, 0.1492227891156468, 0.0450778911564626], "6": [0.4625149659863942, 0.2331486394557821, 0.1121248299319722, 0.1224170068027209, 0.0680778911564619], "7": [0.4132292517006812, 0.2663612244897959, 0.2025772108843542, 0.1038931972789113, 0.1064615646258494], "8": [0.553661904761904, 0.3234517006802719, 0.1768693877551029, 0.12743231292517, 0.0859574829931971], "9": [0.5023537414965981, 0.3396353741496603, 0.2229768707482989, 0.2438649659863956, 0.1706459183673474]}}, "all": {"eer": {"0": [10.433333333333334, 6.805442176870747, 5.2625850340136, 2.825333333333333, 1.7346666666666666], "1": [12.930612244897954, 7.853333333333333, 5.227210884353739, 3.9546666666666663, 2.4517006802721064], "2": [10.821768707482992, 7.085714285714284, 4.548, 1.9319727891156435, 1.6054421768707527], "3": [9.825850340136055, 4.9013333333333335, 3.608163265306119, 2.9006802721088465, 1.2146666666666666], "4": [9.893877551020411, 6.732, 4.521333333333334, 3.0893333333333333, 2.76], "5": [7.823129251700678, 4.457333333333334, 4.177333333333333, 2.5224489795918403, 1.123809523809527], "6": [7.242666666666667, 3.576, 1.5374149659863945, 2.005442176870753, 0.9186666666666666], "7": [9.42857142857143, 6.017333333333333, 4.221333333333333, 2.6748299319727886, 2.8000000000000025], "8": [10.595918367346934, 4.941496598639461, 3.170666666666667, 2.797333333333333, 2.068027210884349], "9": [8.805442176870748, 5.612, 3.713333333333333, 4.34, 1.9727891156462565]}, "minDCF": {"0": [0.6246791836734693, 0.4700930612244903, 0.3216887074829928, 0.1547423129251691, 0.0961521088435374], "1": [0.7639717006802713, 0.5314378231292518, 0.311118095238096, 0.3382936054421771, 0.164157551020409], "2": [0.5411050340136057, 0.373872925170067, 0.2456141496598639, 0.1223039455782303, 0.0945521088435368], "3": [0.4740019047619048, 0.2450865306122457, 0.1872587755102045, 0.1740206802721078, 0.0768454421768714], "4": [0.6052446258503399, 0.433035646258503, 0.3696585034013601, 0.2890699319727899, 0.2101404081632646], "5": [0.5087580952380955, 0.2881804081632648, 0.3259926530612237, 0.180457142857142, 0.1098048979591826], "6": [0.4440889795918362, 0.2294538775510205, 0.1005662585034009, 0.1307757823129241, 0.0716527891156458], "7": [0.4618405442176863, 0.3086756462585024, 0.2236731972789119, 0.1218331972789114, 0.1661594557823123], "8": [0.5323640816326534, 0.2998236734693886, 0.190207346938776, 0.1201632653061217, 0.1302691156462584], "9": [0.6127025850340136, 0.3639621768707485, 0.2334089795918372, 0.3179659863945586, 0.1612312925170075]}}}}