{"eval": {"female": {"eer": {"0": [11.2, 9.246666666666666, 7.061224489795914, 4.421768707482999, 1.823129251700684], "1": [17.863945578231288, 11.92, 8.446666666666665, 5.5102040816326525, 2.2721088435374126], "2": [7.80952380952381, 5.5, 2.5733333333333333, 0.9533333333333333, 1.04], "3": [10.489795918367353, 4.340136054421773, 2.380952380952384, 1.9333333333333331, 1.1428571428571457], "4": [17.986394557823125, 14.925170068027215, 9.513333333333334, 5.741496598639451, 5.414965986394559], "5": [14.766666666666667, 8.36734693877551, 4.566666666666666, 2.666666666666667, 1.2933333333333332], "6": [6.173333333333334, 2.4761904761904763, 1.633333333333333, 1.0733333333333333, 0.5306122448979544], "7": [10.353741496598634, 5.605442176870746, 1.76, 1.0884353741496544, 0.9795918367346944], "8": [8.326530612244898, 5.3533333333333335, 2.340136054421771, 1.5238095238095273, 1.3666666666666667], "9": [8.913333333333332, 6.530612244897959, 5.210884353741497, 3.755102040816327, 2.503401360544222]}, "minDCF": {"0": [0.5273006802721095, 0.3840979591836725, 0.3520217687074836, 0.2211238095238094, 0.0684585034013595], "1": [0.7061292517006812, 0.5853591836734703, 0.4716013605442182, 0.2867387755102037, 0.2012176870748299], "2": [0.4392965986394554, 0.2628136054421772, 0.1429496598639459, 0.0455401360544222, 0.0617823129251707], "3": [0.4859537414965979, 0.2479387755102048, 0.1381074829931981, 0.0829455782312925, 0.0765836734693872], "4": [0.7989401360544216, 0.7250054421768704, 0.5576748299319727, 0.5281510204081641, 0.3804938775510207], "5": [0.6592231292517009, 0.3948734693877555, 0.2606312925170069, 0.1577877551020417, 0.0976761904761902], "6": [0.3986489795918359, 0.2195414965986398, 0.0981741496598635, 0.0618380952380944, 0.0268680272108853], "7": [0.4689401360544224, 0.3122707482993192, 0.0834802721088431, 0.0525115646258502, 0.0592108843537408], "8": [0.4543795918367356, 0.274035374149659, 0.14460544217687, 0.0743319727891158, 0.0542666666666658], "9": [0.5196952380952374, 0.4896462585034015, 0.3004748299319723, 0.2082789115646251, 0.1578122448979589]}}, "male": {"eer": {"0": [6.946666666666666, 4.500000000000004, 4.041666666666666, 1.7278911564625798, 1.795918367346938], "1": [9.915, 5.125850340136051, 4.231292517006802, 1.7933333333333332, 1.6122448979591808], "2": [9.061666666666666, 5.476666666666667, 4.213333333333334, 2.1190476190476204, 1.84353741496599], "3": [10.375, 5.081666666666667, 3.951666666666666, 2.051020408163262, 1.9166666666666663], "4": [7.5, 3.78, 2.534013605442176, 1.156462585034013, 1.12], "5": [7.045, 3.4633333333333334, 2.4, 1.224489795918371, 1.0016666666666667], "6": [6.799319727891151, 3.615646258503402, 2.685, 2.0000000000000018, 0.6462585034013646], "7": [11.668333333333331, 5.217687074829936, 2.9251700680272164, 2.986666666666667, 2.564625850340141], "8": [9.638333333333334, 5.006802721088432, 3.563333333333333, 2.540816326530615, 1.755], "9": [8.26190476190476, 4.706666666666667, 3.945578231292513, 2.898333333333333, 1.6224489795918395]}, "minDCF": {"0": [0.3804367346938775, 0.2980129251700675, 0.2203425170068021, 0.1048431972789112, 0.1421632653061232], "1": [0.5946357142857137, 0.3472904761904757, 0.2239748299319719, 0.1259622448979599, 0.1110156462585039], "2": [0.4885897959183684, 0.3199370748299311, 0.2229251700680279, 0.1172707482993206, 0.0837302721088436], "3": [0.5011224489795919, 0.2576999999999994, 0.2079619047619052, 0.1004976190476186, 0.1187843537414957], "4": [0.4020204081632661, 0.2351510204081638, 0.1315795918367345, 0.0655659863945583, 0.047405102040817], "5": [0.3813217687074828, 0.2292602040816336, 0.1722496598639451, 0.0909044217687064, 0.068887074829931], "6": [0.4239391156462589, 0.2511136054421764, 0.1710282312925173, 0.1743034013605445, 0.0374472789115651], "7": [0.5193877551020409, 0.2696346938775508, 0.1653884353741496, 0.115938775510204, 0.1144744897959189], "8": [0.5251870748299323, 0.2983367346938773, 0.2078261904761898, 0.1583727891156457, 0.1182047619047625], "9": [0.4947925170068017, 0.3276887755102043, 0.2769350340136048, 0.2104843537414958, 0.1202976190476189]}}, "all": {"eer": {"0": [8.029931972789118, 5.850340136054422, 4.648, 3.3496598639455755, 2.781333333333333], "1": [11.450666666666669, 6.538775510204086, 5.551020408163265, 2.829931972789113, 2.084353741496603], "2": [8.666666666666668, 5.842176870748295, 4.089795918367345, 2.024489795918372, 1.7251700680272153], "3": [10.106666666666667, 5.142857142857138, 4.027210884353738, 3.38, 2.0186666666666664], "4": [9.068, 6.786666666666667, 4.22, 1.992, 2.4489795918367308], "5": [8.10068027210884, 4.43265306122449, 2.805442176870754, 1.6544217687074814, 1.1866666666666663], "6": [6.729333333333333, 3.363265306122454, 2.7626666666666666, 1.913333333333333, 0.7074829931972837], "7": [11.578666666666669, 5.866666666666666, 3.2386666666666666, 2.658666666666667, 2.789333333333333], "8": [9.934693877551016, 6.498666666666667, 4.321088435374154, 3.251700680272107, 2.1823129251700712], "9": [8.4952380952381, 5.064, 4.577333333333334, 3.542857142857148, 2.22585034013606]}, "minDCF": {"0": [0.5054114285714285, 0.3700810884353742, 0.2562397278911574, 0.2145327891156459, 0.1614696598639446], "1": [0.7755186394557826, 0.4707314285714288, 0.3874057142857136, 0.2001044897959177, 0.1603605442176878], "2": [0.4747638095238088, 0.3107526530612252, 0.2124019047619055, 0.1054889795918369, 0.0839327891156453], "3": [0.4955417687074837, 0.2651102040816332, 0.2042756462585043, 0.1416878911564623, 0.1205676190476192], "4": [0.5453782312925174, 0.5659006802721095, 0.348449523809524, 0.2065989115646263, 0.2311844897959182], "5": [0.4764190476190473, 0.3053161904761903, 0.2005099319727887, 0.1196941496598629, 0.0933357823129259], "6": [0.4198682993197273, 0.2403393197278915, 0.1672160544217685, 0.1511461224489787, 0.0578650340136063], "7": [0.5428650340136063, 0.3168990476190485, 0.1570000000000007, 0.1034391836734699, 0.1166416326530608], "8": [0.5448051700680265, 0.3921795918367352, 0.2252195918367339, 0.1793102040816329, 0.1336051700680282], "9": [0.5166884353741497, 0.404293333333334, 0.3027551020408164, 0.254568163265307, 0.1468576870748293]}}}}