{"female": {"eer": 0.013333333333333334, "minDCF": 0.00027210884353741496}, "male": {"eer": 0.055, "minDCF": 0.0035115646258502007}, "all": {"eer": 0.0870748299319768, "minDCF": 0.00476843537414997}}