{"female": [0.8017556667327881, 0.8131511211395264], "male": [0.7221665382385254, 0.7531419992446899], "all": [0.7316542863845825, 0.7746978998184204]}