{"female": {"eer": 9.2108843537415, "minDCF": 0.8316000000000007}, "male": {"eer": 11.093333333333334, "minDCF": 0.8819295918367346}, "all": {"eer": 10.658666666666667, "minDCF": 0.8739360544217684}}