{"female": [0.7006464004516602, 0.8229112029075623], "male": [0.6700013875961304, 0.8206585645675659], "all": [0.6758741140365601, 0.8150390386581421]}