{"female": {"eer": 0.18666666666666668, "minDCF": 0.01137687074829904}, "male": {"eer": 0.17166666666666666, "minDCF": 0.011390816326529947}, "all": {"eer": 0.15510204081632395, "minDCF": 0.010998639455781754}}