{"female": [0.7637332677841187, 0.794402003288269], "male": [0.7001185417175293, 0.747800350189209], "all": [0.7068439722061157, 0.7571827173233032]}