{"female": {"eer": 0.1360544217687054, "minDCF": 0.009021768707482855}, "male": {"eer": 0.139455782312925, "minDCF": 0.008551360544217302}, "all": {"eer": 0.16266666666666665, "minDCF": 0.01176435374149663}}