{"female": [0.7391244769096375, 0.7757753133773804], "male": [0.6458077430725098, 0.6913565397262573], "all": [0.659217894077301, 0.7135465145111084]}