{"female": {"eer": 8.266666666666666, "minDCF": 0.8402693877551021}, "male": {"eer": 11.663333333333334, "minDCF": 0.8514204081632663}, "all": {"eer": 11.053333333333333, "minDCF": 0.8453523809523813}}