{"female": [0.7056615352630615, 0.800311267375946], "male": [0.6630958318710327, 0.8006656765937805], "all": [0.6709625720977783, 0.7991419434547424]}