{"female": {"eer": 0.07333333333333333, "minDCF": 0.004081632653061225}, "male": {"eer": 0.23666666666666666, "minDCF": 0.011895238095237674}, "all": {"eer": 0.23600000000000002, "minDCF": 0.014293877551019568}}