{"female": [0.7832838296890259, 0.8085256814956665], "male": [0.6813309192657471, 0.7331973314285278], "all": [0.6910067796707153, 0.7347733378410339]}