word,accuracy
2,0.9972222222222222
7,0.9916666666666668
1,0.9833333333333334
6,0.9833333333333331
3,0.9777777777777777
0,0.975
4,0.975
9,0.975
5,0.9722222222222222
8,0.9694444444444446
