word,accuracy
2,0.9944444444444445
7,0.9944444444444445
0,0.9888888888888888
6,0.986111111111111
4,0.9805555555555555
8,0.9777777777777779
9,0.9777777777777777
1,0.9750000000000001
3,0.975
5,0.9583333333333334
