word,accuracy
6,0.9972222222222222
3,0.9916666666666668
5,0.9833333333333331
7,0.9777777777777779
0,0.9777777777777777
2,0.9722222222222223
4,0.963888888888889
8,0.9555555555555556
9,0.9527777777777778
1,0.9222222222222222
