word,accuracy
6,0.9972222222222222
5,0.9833333333333334
0,0.9805555555555556
3,0.9777777777777779
7,0.9777777777777779
8,0.9777777777777779
2,0.9777777777777777
9,0.9722222222222223
4,0.9583333333333334
1,0.9388888888888888
