word,accuracy
4,0.9958333333333332
0,0.99375
5,0.99375
9,0.99375
2,0.9930555555555557
6,0.9930555555555557
8,0.9930555555555555
3,0.9916666666666667
1,0.9909722222222223
7,0.9895833333333334
