word,accuracy
4,0.9972222222222222
0,0.9965277777777777
6,0.99375
9,0.99375
7,0.9909722222222221
8,0.9909722222222221
1,0.9881944444444445
3,0.9881944444444445
5,0.9874999999999999
2,0.9868055555555557
