word,accuracy
7,0.9905555555555555
0,0.9894444444444446
9,0.9894444444444446
4,0.9877777777777776
6,0.9877777777777776
2,0.9861111111111112
5,0.985
8,0.985
1,0.9844444444444446
3,0.9816666666666666
