word,accuracy
6,0.9922222222222222
3,0.9916666666666667
4,0.9894444444444446
0,0.9894444444444445
7,0.9883333333333333
2,0.9883333333333332
5,0.9861111111111112
9,0.986111111111111
8,0.985
1,0.9777777777777779
