{"female": {"eer": 1.3469387755102091, "minDCF": 0.07756870748299421}, "male": {"eer": 0.5646258503401391, "minDCF": 0.043965986394557836}, "all": {"eer": 0.6013605442176884, "minDCF": 0.04883156462584991}}