{"female": [0.6615895628929138, 0.7107664346694946], "male": [0.5774059891700745, 0.6367002725601196], "all": [0.5865494012832642, 0.6530139446258545]}