{"female": {"eer": 4.12, "minDCF": 0.3065034013605436}, "male": {"eer": 3.841666666666667, "minDCF": 0.19892585034013605}, "all": {"eer": 3.254421768707483, "minDCF": 0.19146802721088527}}