{"female": [0.5303904414176941, 0.6164447069168091], "male": [0.42772024869918823, 0.5323335528373718], "all": [0.4308828115463257, 0.5457984209060669]}