{"female": {"eer": 1.4285714285714235, "minDCF": 0.10725170068027212}, "male": {"eer": 0.4933333333333333, "minDCF": 0.03129455782312834}, "all": {"eer": 0.464, "minDCF": 0.029044897959184666}}