{"female": [0.6042829751968384, 0.6764118671417236], "male": [0.5737252235412598, 0.6413171887397766], "all": [0.5705944299697876, 0.6293030977249146]}