{"female": {"eer": 0.08163265306122547, "minDCF": 0.0052122448979590435}, "male": {"eer": 0.3197278911564627, "minDCF": 0.01859931972789039}, "all": {"eer": 0.3106666666666667, "minDCF": 0.016834013605441758}}