{"female": [0.7106673717498779, 0.7336775660514832], "male": [0.586820662021637, 0.6543543338775635], "all": [0.5969808101654053, 0.6738064885139465]}