{"female": {"eer": 5.828883803712179, "minDCF": 0.2758454106280193}, "male": {"eer": 7.222222222222221, "minDCF": 0.3388888888888889}, "all": {"eer": 7.777777777777778, "minDCF": 0.4486111111111111}}