{"female": {"eer": 5.409356725146199, "minDCF": 0.1753623188405797}, "male": {"eer": 9.305555555555555, "minDCF": 0.3277777777777778}, "all": {"eer": 8.541666666666666, "minDCF": 0.20833333333333334}}