{
    "male": {
        "6": {
            "eer": 9.513888888888888,
            "minDCF": 0.3351851851851852
        },
        "6_6": {
            "eer": 7.638888888888889,
            "minDCF": 0.2925925925925926
        }
    },
    "female": {
        "6": {
            "eer": 9.1313882532418,
            "minDCF": 0.3595209339774557
        },
        "6_6": {
            "eer": 5.207220950928044,
            "minDCF": 0.21256038647342992
        }
    },
    "all": {
        "6": {
            "eer": 9.965277777777779,
            "minDCF": 0.4131944444444444
        },
        "6_6": {
            "eer": 8.194444444444445,
            "minDCF": 0.3833333333333333
        }
    }
}