{"female": {"eer": 3.18367346938776, "minDCF": 0.22453469387755137}, "male": {"eer": 2.190476190476187, "minDCF": 0.11526734693877605}, "all": {"eer": 1.844, "minDCF": 0.10737006802721134}}