{"female": [0.6195976734161377, 0.7175542712211609], "male": [0.575088620185852, 0.677517831325531], "all": [0.5676043033599854, 0.6684320569038391]}