{"eval": {"female": {"eer": {"0": [], "1": [], "2": [], "3": [], "4": [], "5": [], "6": [], "7": [], "8": [], "9": []}, "minDCF": {"0": [], "1": [], "2": [], "3": [], "4": [], "5": [], "6": [], "7": [], "8": [], "9": []}}, "male": {"eer": {"0": [10.526315789473683], "1": [5.277777777777778], "2": [5.555555555555558], "3": [11.944444444444445], "4": [5.833333333333333], "5": [12.222222222222223], "6": [7.5], "7": [4.444444444444439], "8": [11.66666666666667], "9": [7.777777777777772]}, "minDCF": {"0": [0.447368421052631], "1": [0.0888888888888888], "2": [0.194444444444444], "3": [0.3833333333333333], "4": [0.3249999999999998], "5": [0.3666666666666666], "6": [0.347222222222222], "7": [0.2194444444444442], "8": [0.3583333333333331], "9": [0.3916666666666664]}}, "all": {"eer": {"0": [], "1": [], "2": [], "3": [], "4": [], "5": [], "6": [], "7": [], "8": [], "9": []}, "minDCF": {"0": [], "1": [], "2": [], "3": [], "4": [], "5": [], "6": [], "7": [], "8": [], "9": []}}}}