{"eval": {"female": {"eer": {"0": [], "1": [], "2": [], "3": [], "4": [], "5": [], "6": [], "7": [], "8": [], "9": []}, "minDCF": {"0": [], "1": [], "2": [], "3": [], "4": [], "5": [], "6": [], "7": [], "8": [], "9": []}}, "male": {"eer": {"0": [8.47953216374269], "1": [3.333333333333333], "2": [6.666666666666667], "3": [7.222222222222219], "4": [5.555555555555558], "5": [6.111111111111112], "6": [7.5], "7": [1.6666666666666718], "8": [4.722222222222222], "9": [7.222222222222221]}, "minDCF": {"0": [0.2631578947368421], "1": [0.1194444444444442], "2": [0.0833333333333333], "3": [0.2388888888888889], "4": [0.2666666666666666], "5": [0.2], "6": [0.3388888888888884], "7": [0.1305555555555553], "8": [0.1638888888888887], "9": [0.1888888888888888]}}, "all": {"eer": {"0": [], "1": [], "2": [], "3": [], "4": [], "5": [], "6": [], "7": [], "8": [], "9": []}, "minDCF": {"0": [], "1": [], "2": [], "3": [], "4": [], "5": [], "6": [], "7": [], "8": [], "9": []}}}}