{"eval": {"female": {"eer": {"0": [], "1": [], "2": [], "3": [], "4": [], "5": [], "6": [], "7": [], "8": [], "9": []}, "minDCF": {"0": [], "1": [], "2": [], "3": [], "4": [], "5": [], "6": [], "7": [], "8": [], "9": []}}, "male": {"eer": {"0": [5.847953216374268], "1": [7.222222222222221], "2": [1.8055555555555556], "3": [8.333333333333332], "4": [10.416666666666666], "5": [7.083333333333333], "6": [5.694444444444444], "7": [1.25], "8": [7.36111111111111], "9": [4.027777777777778]}, "minDCF": {"0": [0.327485380116959], "1": [0.1361111111111111], "2": [0.1666666666666666], "3": [0.4000000000000001], "4": [0.5444444444444444], "5": [0.2611111111111111], "6": [0.3333333333333333], "7": [0.1472222222222222], "8": [0.2222222222222222], "9": [0.2555555555555555]}}, "all": {"eer": {"0": [], "1": [], "2": [], "3": [], "4": [], "5": [], "6": [], "7": [], "8": [], "9": []}, "minDCF": {"0": [], "1": [], "2": [], "3": [], "4": [], "5": [], "6": [], "7": [], "8": [], "9": []}}}}