{"eval": {"female": {"eer": {"0": [], "1": [], "2": [], "3": [], "4": [], "5": [], "6": [], "7": [], "8": [], "9": []}, "minDCF": {"0": [], "1": [], "2": [], "3": [], "4": [], "5": [], "6": [], "7": [], "8": [], "9": []}}, "male": {"eer": {"0": [9.7953216374269], "1": [7.777777777777778], "2": [6.805555555555555], "3": [8.61111111111111], "4": [10.277777777777777], "5": [11.944444444444445], "6": [7.222222222222221], "7": [4.305555555555555], "8": [10.694444444444445], "9": [9.861111111111112]}, "minDCF": {"0": [0.4941520467836258], "1": [0.0916666666666666], "2": [0.2527777777777777], "3": [0.3805555555555555], "4": [0.761111111111111], "5": [0.3305555555555556], "6": [0.4444444444444444], "7": [0.2388888888888889], "8": [0.6027777777777777], "9": [0.5138888888888888]}}, "all": {"eer": {"0": [], "1": [], "2": [], "3": [], "4": [], "5": [], "6": [], "7": [], "8": [], "9": []}, "minDCF": {"0": [], "1": [], "2": [], "3": [], "4": [], "5": [], "6": [], "7": [], "8": [], "9": []}}}}