{"eval": {"female": {"eer": {"0": [], "1": [], "2": [], "3": [], "4": [], "5": [], "6": [], "7": [], "8": [], "9": []}, "minDCF": {"0": [], "1": [], "2": [], "3": [], "4": [], "5": [], "6": [], "7": [], "8": [], "9": []}}, "male": {"eer": {"0": [4.093567251461994], "1": [1.1111111111111112], "2": [5.833333333333333], "3": [11.38888888888889], "4": [3.888888888888886], "5": [4.444444444444445], "6": [5.555555555555558], "7": [0.5555555555555536], "8": [6.111111111111112], "9": [5.833333333333333]}, "minDCF": {"0": [0.2192982456140345], "1": [0.0277777777777777], "2": [0.0666666666666666], "3": [0.3083333333333331], "4": [0.1888888888888888], "5": [0.2194444444444442], "6": [0.1333333333333333], "7": [0.0444444444444444], "8": [0.2055555555555555], "9": [0.05]}}, "all": {"eer": {"0": [], "1": [], "2": [], "3": [], "4": [], "5": [], "6": [], "7": [], "8": [], "9": []}, "minDCF": {"0": [], "1": [], "2": [], "3": [], "4": [], "5": [], "6": [], "7": [], "8": [], "9": []}}}}