{"eval": {"female": {"eer": {"0": [], "1": [], "2": [], "3": [], "4": [], "5": [], "6": [], "7": [], "8": [], "9": []}, "minDCF": {"0": [], "1": [], "2": [], "3": [], "4": [], "5": [], "6": [], "7": [], "8": [], "9": []}}, "male": {"eer": {"0": [11.111111111111116], "1": [2.222222222222225], "2": [7.777777777777778], "3": [12.222222222222223], "4": [8.88888888888889], "5": [12.222222222222223], "6": [8.333333333333332], "7": [2.2222222222222223], "8": [9.722222222222223], "9": [5.833333333333333]}, "minDCF": {"0": [0.327485380116959], "1": [0.1166666666666666], "2": [0.2999999999999996], "3": [0.447222222222222], "4": [0.3194444444444442], "5": [0.3666666666666663], "6": [0.3638888888888883], "7": [0.1388888888888889], "8": [0.5444444444444444], "9": [0.1777777777777777]}}, "all": {"eer": {"0": [], "1": [], "2": [], "3": [], "4": [], "5": [], "6": [], "7": [], "8": [], "9": []}, "minDCF": {"0": [], "1": [], "2": [], "3": [], "4": [], "5": [], "6": [], "7": [], "8": [], "9": []}}}}