{"eval": {"female": {"eer": {"0": [], "1": [], "2": [], "3": [], "4": [], "5": [], "6": [], "7": [], "8": [], "9": []}, "minDCF": {"0": [], "1": [], "2": [], "3": [], "4": [], "5": [], "6": [], "7": [], "8": [], "9": []}}, "male": {"eer": {"0": [6.725146198830409], "1": [3.4722222222222223], "2": [0.1388888888888889], "3": [10.694444444444445], "4": [9.166666666666668], "5": [8.055555555555555], "6": [5.833333333333333], "7": [1.3888888888888888], "8": [7.777777777777778], "9": [2.777777777777778]}, "minDCF": {"0": [0.3625730994152046], "1": [0.0861111111111111], "2": [0.1722222222222222], "3": [0.4472222222222222], "4": [0.3833333333333333], "5": [0.2833333333333333], "6": [0.3277777777777778], "7": [0.1388888888888889], "8": [0.25], "9": [0.1]}}, "all": {"eer": {"0": [], "1": [], "2": [], "3": [], "4": [], "5": [], "6": [], "7": [], "8": [], "9": []}, "minDCF": {"0": [], "1": [], "2": [], "3": [], "4": [], "5": [], "6": [], "7": [], "8": [], "9": []}}}}