{"eval": {"female": {"eer": {"0": [], "1": [], "2": [], "3": [], "4": [], "5": [], "6": [], "7": [], "8": [], "9": []}, "minDCF": {"0": [], "1": [], "2": [], "3": [], "4": [], "5": [], "6": [], "7": [], "8": [], "9": []}}, "male": {"eer": {"0": [10.818713450292398], "1": [6.111111111111111], "2": [4.444444444444444], "3": [16.11111111111111], "4": [11.38888888888889], "5": [12.63888888888889], "6": [6.944444444444445], "7": [3.611111111111111], "8": [12.36111111111111], "9": [7.500000000000001]}, "minDCF": {"0": [0.3976608187134503], "1": [0.3944444444444444], "2": [0.3472222222222222], "3": [0.6916666666666668], "4": [0.4444444444444443], "5": [0.4361111111111111], "6": [0.4638888888888888], "7": [0.1277777777777777], "8": [0.7250000000000001], "9": [0.3472222222222221]}}, "all": {"eer": {"0": [], "1": [], "2": [], "3": [], "4": [], "5": [], "6": [], "7": [], "8": [], "9": []}, "minDCF": {"0": [], "1": [], "2": [], "3": [], "4": [], "5": [], "6": [], "7": [], "8": [], "9": []}}}}