{"eval": {"female": {"eer": {"0": [], "1": [], "2": [], "3": [], "4": [], "5": [], "6": [], "7": [], "8": [], "9": []}, "minDCF": {"0": [], "1": [], "2": [], "3": [], "4": [], "5": [], "6": [], "7": [], "8": [], "9": []}}, "male": {"eer": {"0": [3.8011695906432745], "1": [2.5], "2": [5.000000000000004], "3": [9.999999999999998], "4": [6.666666666666665], "5": [11.66666666666667], "6": [3.333333333333333], "7": [0.5555555555555536], "8": [5.833333333333333], "9": [7.5]}, "minDCF": {"0": [0.1929824561403519], "1": [0.0333333333333333], "2": [0.1166666666666666], "3": [0.2833333333333333], "4": [0.2388888888888889], "5": [0.2222222222222222], "6": [0.1083333333333331], "7": [0.0055555555555555], "8": [0.15], "9": [0.0777777777777777]}}, "all": {"eer": {"0": [], "1": [], "2": [], "3": [], "4": [], "5": [], "6": [], "7": [], "8": [], "9": []}, "minDCF": {"0": [], "1": [], "2": [], "3": [], "4": [], "5": [], "6": [], "7": [], "8": [], "9": []}}}}