{"eval": {"female": {"eer": {"0": [], "1": [], "2": [], "3": [], "4": [], "5": [], "6": [], "7": [], "8": [], "9": []}, "minDCF": {"0": [], "1": [], "2": [], "3": [], "4": [], "5": [], "6": [], "7": [], "8": [], "9": []}}, "male": {"eer": {"0": [5.263157894736842], "1": [6.805555555555556], "2": [4.583333333333333], "3": [5.694444444444444], "4": [7.222222222222221], "5": [11.52777777777778], "6": [2.777777777777778], "7": [1.5277777777777777], "8": [5.0], "9": [2.5]}, "minDCF": {"0": [0.3625730994152046], "1": [0.0833333333333333], "2": [0.2611111111111111], "3": [0.2527777777777777], "4": [0.3222222222222222], "5": [0.2666666666666666], "6": [0.2166666666666666], "7": [0.0611111111111111], "8": [0.2444444444444444], "9": [0.0444444444444444]}}, "all": {"eer": {"0": [], "1": [], "2": [], "3": [], "4": [], "5": [], "6": [], "7": [], "8": [], "9": []}, "minDCF": {"0": [], "1": [], "2": [], "3": [], "4": [], "5": [], "6": [], "7": [], "8": [], "9": []}}}}