{"eval": {"female": {"eer": {"0": [], "1": [], "2": [], "3": [], "4": [], "5": [], "6": [], "7": [], "8": [], "9": []}, "minDCF": {"0": [], "1": [], "2": [], "3": [], "4": [], "5": [], "6": [], "7": [], "8": [], "9": []}}, "male": {"eer": {"0": [11.257309941520468], "1": [8.333333333333334], "2": [9.444444444444445], "3": [12.777777777777777], "4": [12.5], "5": [14.444444444444445], "6": [5.416666666666667], "7": [6.25], "8": [8.75], "9": [9.72222222222222]}, "minDCF": {"0": [0.4035087719298245], "1": [0.5138888888888888], "2": [0.4055555555555555], "3": [0.4222222222222222], "4": [0.3444444444444444], "5": [0.4555555555555555], "6": [0.4555555555555555], "7": [0.3083333333333333], "8": [0.3916666666666666], "9": [0.5111111111111111]}}, "all": {"eer": {"0": [], "1": [], "2": [], "3": [], "4": [], "5": [], "6": [], "7": [], "8": [], "9": []}, "minDCF": {"0": [], "1": [], "2": [], "3": [], "4": [], "5": [], "6": [], "7": [], "8": [], "9": []}}}}