{"eval": {"female": {"eer": {"0": [], "1": [], "2": [], "3": [], "4": [], "5": [], "6": [], "7": [], "8": [], "9": []}, "minDCF": {"0": [], "1": [], "2": [], "3": [], "4": [], "5": [], "6": [], "7": [], "8": [], "9": []}}, "male": {"eer": {"0": [9.35672514619883], "1": [2.777777777777779], "2": [9.444444444444445], "3": [9.999999999999998], "4": [8.61111111111111], "5": [10.0], "6": [5.000000000000004], "7": [2.222222222222225], "8": [8.88888888888889], "9": [6.111111111111112]}, "minDCF": {"0": [0.3157894736842115], "1": [0.1722222222222218], "2": [0.4194444444444442], "3": [0.3499999999999999], "4": [0.3111111111111107], "5": [0.4694444444444438], "6": [0.4166666666666658], "7": [0.1666666666666666], "8": [0.3277777777777774], "9": [0.3249999999999998]}}, "all": {"eer": {"0": [], "1": [], "2": [], "3": [], "4": [], "5": [], "6": [], "7": [], "8": [], "9": []}, "minDCF": {"0": [], "1": [], "2": [], "3": [], "4": [], "5": [], "6": [], "7": [], "8": [], "9": []}}}}