{"female": {"eer": 0.0, "minDCF": 0.0}, "male": {"eer": 0.01700680272108679, "minDCF": 0.0018343537414964937}, "all": {"eer": 0.012, "minDCF": 0.00055265306122404}}