{"female": [0.7719018459320068, 0.6771886944770813], "male": [0.676561713218689, 0.7120963335037231], "all": [0.6710726022720337, 0.6965205669403076]}