{"female": {"eer": 0.01360544217686721, "minDCF": 0.0006802721088435374}, "male": {"eer": 0.12585034013605778, "minDCF": 0.005316666666666631}, "all": {"eer": 0.12789115646258953, "minDCF": 0.006020136054422079}}