{"female": [0.8086285591125488, 0.8184523582458496], "male": [0.7029151320457458, 0.7513059377670288], "all": [0.7121014595031738, 0.7598154544830322]}