{"female": {"eer": 7.406666666666667, "minDCF": 0.8009374149659854}, "male": {"eer": 10.103333333333333, "minDCF": 0.816613605442177}, "all": {"eer": 9.693333333333333, "minDCF": 0.8277493877551018}}