{"female": [0.7081941366195679, 0.8103595972061157], "male": [0.672966718673706, 0.8059028387069702], "all": [0.6797991991043091, 0.8064768314361572]}