{"female": {"eer": 5.687074829931971, "minDCF": 0.3141278911564621}, "male": {"eer": 4.781666666666666, "minDCF": 0.29354319727891137}, "all": {"eer": 4.112, "minDCF": 0.26065224489795874}}