{"female": [0.5778988599777222, 0.6842691898345947], "male": [0.48885035514831543, 0.5982426404953003], "all": [0.4902591109275818, 0.6058686971664429]}