{"female": {"eer": 0.01360544217686721, "minDCF": 0.0009523809523809524}, "male": {"eer": 0.040816326530612734, "minDCF": 0.0023340136054421073}, "all": {"eer": 0.034666666666666665, "minDCF": 0.002227482993196689}}