{"female": [0.722165584564209, 0.7364842891693115], "male": [0.6754946708679199, 0.7155627012252808], "all": [0.6714233160018921, 0.6930243968963623]}