{"eval": {"female": {"eer": {"0": [4.12, 0.6530612244897926, 0.0816326530612254, 0.0266666666666666, 0.0], "1": [6.1, 1.4285714285714235, 0.5578231292517, 0.2066666666666666, 0.0408163265306127], "2": [6.3265306122448965, 1.6466666666666667, 0.4897959183673417, 0.0733333333333333, 0.0136054421768672], "3": [5.57823129251701, 1.3469387755102091, 0.1360544217687054, 0.0408163265306127, 0.0], "4": [9.60544217687075, 3.18367346938776, 1.1428571428571457, 0.5850340136054455, 0.1866666666666666], "5": [4.966666666666667, 0.9666666666666668, 0.2866666666666667, 0.0, 0.0136054421768672], "6": [5.074829931972791, 0.94, 0.0952380952380926, 0.02, 0.0133333333333333], "7": [2.9251700680272164, 0.2721088435374108, 0.0136054421768672, 0.0, 0.0], "8": [5.687074829931971, 1.92, 0.6802721088435382, 0.06, 0.0133333333333333], "9": [2.273333333333333, 0.2333333333333333, 0.0136054421768672, 0.0, 0.0]}, "minDCF": {"0": [0.3065034013605436, 0.0487537414965988, 0.005212244897959, 0.0001360544217687, 0.0], "1": [0.3141224489795912, 0.1072517006802721, 0.0421387755102045, 0.0143605442176863, 0.0022190476190474], "2": [0.4161238095238095, 0.1072326530612236, 0.0293591836734702, 0.0040816326530612, 0.0006802721088435], "3": [0.3154693877551028, 0.0775687074829942, 0.0090217687074828, 0.00194693877551, 0.0], "4": [0.533365986394558, 0.2245346938775513, 0.0826217687074827, 0.0411863945578235, 0.011376870748299], "5": [0.3079850340136063, 0.0505088435374144, 0.0151442176870746, 0.0, 0.0009523809523809], "6": [0.2958040816326522, 0.0641605442176866, 0.0097346938775503, 0.0036217687074827, 0.0002721088435374], "7": [0.1767238095238092, 0.007525170068027, 0.0002721088435374, 0.0, 0.0], "8": [0.3141278911564621, 0.0946367346938771, 0.0248884353741492, 0.0019047619047619, 0.0002721088435374], "9": [0.1584925170068024, 0.0145904761904756, 0.0002721088435374, 0.0, 0.0]}}, "male": {"eer": {"0": [3.841666666666667, 0.98, 0.3197278911564627, 0.11, 0.0416666666666666], "1": [3.0714285714285694, 0.4933333333333333, 0.1088435374149709, 0.0136054421768672, 0.0034013605442195], "2": [4.966666666666667, 1.5374149659863945, 0.5866666666666667, 0.2366666666666666, 0.1258503401360577], "3": [3.601666666666667, 0.5646258503401391, 0.139455782312925, 0.0716666666666666, 0.0102040816326476], "4": [6.401666666666666, 2.190476190476187, 0.8933333333333333, 0.3383333333333333, 0.1716666666666666], "5": [4.125850340136051, 1.0083333333333333, 0.2585034013605436, 0.1183333333333333, 0.0408163265306127], "6": [5.095238095238097, 1.5066666666666668, 0.5442176870748328, 0.2517006802721044, 0.065], "7": [2.075, 0.3, 0.0683333333333333, 0.02, 0.0], "8": [4.781666666666666, 1.4533333333333334, 0.4047619047619077, 0.139455782312925, 0.055], "9": [1.850340136054418, 0.2266666666666666, 0.0476190476190518, 0.0170068027210867, 0.005]}, "minDCF": {"0": [0.198925850340136, 0.0523523809523818, 0.0185993197278903, 0.005212244897959, 0.0021064625850339], "1": [0.1752136054421766, 0.0312945578231283, 0.0064683673469385, 0.0010649659863945, 0.0004081632653061], "2": [0.2675210884353738, 0.0812952380952378, 0.028539455782312, 0.0118952380952376, 0.0053166666666666], "3": [0.1983840136054422, 0.0439659863945578, 0.0085513605442173, 0.0051782312925168, 0.0009183673469387], "4": [0.336651700680273, 0.115267346938776, 0.0547765306122451, 0.0228146258503392, 0.0113908163265299], "5": [0.2249136054421774, 0.0621537414965982, 0.0155170068027203, 0.0067193877551018, 0.0023340136054421], "6": [0.2758006802721091, 0.0764265306122444, 0.033173469387754, 0.0168272108843533, 0.004825170068027], "7": [0.134121428571429, 0.017759523809523, 0.0037836734693876, 0.0004421768707482, 0.0], "8": [0.2935431972789113, 0.0790326530612239, 0.0221214285714276, 0.0076482993197276, 0.0035115646258502], "9": [0.1099989795918358, 0.0150819727891152, 0.0019153061224489, 0.0018343537414964, 0.0001020408163265]}}, "all": {"eer": {"0": [3.254421768707483, 0.8573333333333334, 0.3106666666666667, 0.0946666666666666, 0.0373333333333333], "1": [2.8761904761904766, 0.464, 0.1115646258503355, 0.0326530612244857, 0.0108843537414915], "2": [4.230666666666667, 1.248, 0.5559999999999999, 0.236, 0.1278911564625895], "3": [3.253333333333333, 0.6013605442176884, 0.1626666666666666, 0.0626666666666666, 0.0108843537414915], "4": [5.605442176870746, 1.844, 0.752, 0.2857142857142891, 0.1551020408163239], "5": [3.5265306122448936, 0.8493333333333334, 0.2133333333333333, 0.096, 0.0346666666666666], "6": [4.284000000000001, 1.2386666666666668, 0.4571428571428559, 0.2053333333333333, 0.0517006802721042], "7": [1.842666666666667, 0.2503401360544166, 0.0653333333333333, 0.0146666666666666, 0.0026666666666666], "8": [4.112, 1.216326530612244, 0.4000000000000003, 0.1578231292516996, 0.0870748299319768], "9": [1.5863945578231342, 0.1866666666666666, 0.0413333333333333, 0.012, 0.0027210884353756]}, "minDCF": {"0": [0.1914680272108852, 0.0466503401360554, 0.0168340136054417, 0.0050827210884355, 0.0011428571428571], "1": [0.1716152380952382, 0.0290448979591846, 0.0081012244897968, 0.0043085714285714, 0.0004625850340136], "2": [0.2491485714285713, 0.0731186394557817, 0.030639183673469, 0.0142938775510195, 0.006020136054422], "3": [0.1979646258503403, 0.0488315646258499, 0.0117643537414966, 0.0024742857142864, 0.000661496598639], "4": [0.3300008163265298, 0.1073700680272113, 0.0535080272108833, 0.0202971428571432, 0.0109986394557817], "5": [0.1978165986394562, 0.0564617687074839, 0.0144383673469395, 0.0047749659863951, 0.0022274829931966], "6": [0.2385208163265305, 0.0655191836734697, 0.0279442176870756, 0.0140397278911555, 0.0032530612244896], "7": [0.1301387755102038, 0.0192125170068036, 0.0040693877551019, 0.0009148299319718, 8.163265306122449e-05], "8": [0.2606522448979587, 0.0735521088435376, 0.0256941496598643, 0.0102152380952373, 0.0047684353741499], "9": [0.1038614965986387, 0.0122522448979599, 0.0015866666666662, 0.000552653061224, 8.163265306122449e-05]}}}}