{"female": {"eer": 9.442176870748298, "minDCF": 0.8118394557823129}, "male": {"eer": 12.204081632653063, "minDCF": 0.8587755102040824}, "all": {"eer": 11.695238095238093, "minDCF": 0.8396582312925177}}