{"female": [0.7056134939193726, 0.7966575622558594], "male": [0.6686409711837769, 0.7957059741020203], "all": [0.6758129596710205, 0.7993783950805664]}