{"female": {"eer": 0.0, "minDCF": 0.0}, "male": {"eer": 0.010204081632647632, "minDCF": 0.0009183673469387755}, "all": {"eer": 0.010884353741491548, "minDCF": 0.000661496598639006}}