{"female": [0.8045934438705444, 0.7728281021118164], "male": [0.7340723276138306, 0.7675603628158569], "all": [0.7381454706192017, 0.7571191787719727]}